smiles,pIC50
C#CCCCC(=O)c1cc(C(C)(C)C)c(O)c(C(C)(C)C)c1,7.0
C#CCCCC(=O)c1cc(C(C)(C)C)c2c(c1)C(C)(C)CO2,7.823908740944319
C#CCSc1ccccc1OC(C)=O,4.6020599913279625
C/C(=C1/SC(N=C(N)N)=NC1=O)c1cc(C(C)(C)C)c(O)c(C(C)(C)C)c1,4.920818753952375
C/C=C/c1cncc(-c2ccc(C(C)C(=O)O)cc2)c1,6.173925197299173
C=C1C(c2ccccc2)=C(c2ccc(S(C)(=O)=O)cc2)C1(C)C,8.657577319177793
C=C1CC(c2ccc(S(C)(=O)=O)cc2)=C1c1ccccc1,8.920818753952375
C=CCONC1=NC(=O)/C(=C/c2cc(C(C)(C)C)c(O)c(C(C)(C)C)c2)O1,4.585026652029182
C=CCONC1=NC(=O)/C(=C/c2cc(C(C)(C)C)c(O)c(C(C)(C)C)c2)S1,5.568636235841013
C=CCc1cccc(-c2ccc(C(C)C(=O)O)cc2)c1,6.823908740944319
C=CCn1nc(-c2ccc(S(C)(=O)=O)cc2)c(-c2ccc(F)cc2)c1C(F)(F)F,7.1249387366083
C=C[C@@H]1[C@@H](O)C[C@@H]2[C@]3(CC[C@]4(C)[C@@H]([C@H](C)CCC=C(C)C)CC[C@@]24C)C[C@]13CCC(=O)O,5.327902142064283
C=Cc1cccc(-c2ccc(C(C)C(=O)O)cc2)c1,6.136677139879544
C=Cc1cncc(-c2ccc(C(C)C(=O)O)cc2)c1,6.721246399047171
C=Cc1csc(Sc2cc3c(cc2NS(C)(=O)=O)COC3=O)n1,6.681255135243744
C=Cc1nc2sc(-c3ccc(S(C)(=O)=O)cc3)c(-c3ccccc3)n2n1,6.80453244644831
CC#CCSc1ccccc1OC(C)=O,4.698970004336019
CC(=O)NCc1cc(-n2nc(C(F)(F)F)cc2-c2ccc(C)cc2)ccc1S(N)(=O)=O,5.164309428507575
CC(=O)NCc1cc(-n2nc(C(F)(F)F)cc2-c2ccc(Cl)cc2)ccc1S(N)(=O)=O,5.301029995663981
CC(=O)NS(=O)(=O)c1ccc(-c2ccsc2-c2ccc(F)cc2)cc1,5.267606240177032
CC(=O)OCCCCCSc1ccccc1OC(C)=O,4.301029995663981
CC(=O)OCc1cc(-c2ccc(S(C)(=O)=O)cc2)n(-c2ccc(F)cc2)c1C,6.328948815373957
CC(=O)Oc1ccc(C2=C(c3ccc(S(C)(=O)=O)cc3)COC2=O)cc1,8.899629454882437
CC(=O)Oc1cccc(C2=C(c3ccc(S(C)(=O)=O)cc3)COC2=O)c1,8.774690718274137
CC(=O)Oc1ccccc1C(=O)O,2.9744237387763093
CC(=O)Oc1ccccc1C1=C(c2ccc(S(C)(=O)=O)cc2)COC1=O,8.455931955649724
CC(=O)Oc1ccccc1SCCCCCBr,5.022276394711152
CC(=O)Oc1ccccc1SCCCCCC(=O)O,4.301029995663981
CC(=O)Oc1ccccc1SCCCCCCBr,4.920818753952375
CC(=O)Oc1ccccc1SCCCCCCI,5.0
CC(=O)Oc1ccccc1SCCc1ccccc1,4.0
CC(=O)Oc1ccccc1SCc1ccccc1,3.6020599913279625
CC(=O)[N-]S(=O)(=O)c1ccc(-c2c(-c3ccccc3)noc2C)cc1.[Na+],4.698970004336019
CC(=O)c1cc(-c2ccc(S(C)(=O)=O)cc2)n(-c2ccc(F)cc2)c1C,5.791587075019647
CC(=O)c1cc(/C=C/S(N)(=O)=O)cc(C(=O)c2ccccc2)c1,4.698970004336019
CC(=O)c1ccc(-n2c(C)ccc2-c2ccc(S(C)(=O)=O)cc2)cc1,5.54105916480787
CC(=O)n1c(Br)cc(-c2ccc(F)cc2)c1-c1ccc(S(C)(=O)=O)cc1,3.5228787452803374
CC(C(=O)O)c1cc(/C=C/S(C)(=O)=O)cc(C(=O)c2ccccc2)c1,5.013228265733755
CC(C(=O)O)c1cc(C(=O)c2ccccc2)ccc1O,6.522878745280337
CC(C(=O)O)c1ccc(-c2ccc3[nH]ccc3c2)cc1,6.721246399047171
CC(C(=O)O)c1ccc(-c2ccccc2)c(F)c1,8.0
CC(C(=O)O)c1ccc(-c2ccccc2)cc1,7.6777807052660805
CC(C(=O)O)c1ccc(CC2CCCC2=O)cc1,4.8696662315049934
CC(C(=O)O)c1ccc(CC2CCCC2O)cc1,4.657577319177793
CC(C(=O)O)c1ccc2c(c1)[nH]c1ccc(Cl)cc12,6.991399828238082
CC(C(=O)O)c1cccc(C(=O)c2ccccc2)c1,7.585026652029182
CC(C)(C)C#CC1=C(c2ccc(S(C)(=O)=O)cc2)CCC1=O,6.05395269865476
CC(C)(C)c1cc(-c2nnc(N)s2)cc(C(C)(C)C)c1O,5.455931955649724
CC(C)(C)c1cc(-c2nnc(N=C(N)N)o2)cc(C(C)(C)C)c1O,4.638272163982407
CC(C)(C)c1cc(-c2nnc(N=C(N)N)s2)cc(C(C)(C)C)c1O,4.769551078621726
CC(C)(C)c1cc(-c2nnc(NC#N)o2)cc(C(C)(C)C)c1O,4.958607314841775
CC(C)(C)c1cc(-c2nnc(NN)s2)cc(C(C)(C)C)c1O,5.886056647693163
CC(C)(C)c1cc(-c2nnc(S)o2)cc(C(C)(C)C)c1O,4.327902142064283
CC(C)(C)c1cc(-c2nnc(S)s2)cc(C(C)(C)C)c1O,5.259637310505756
CC(C)(C)c1cc(-c2nnc(SCCN)s2)cc(C(C)(C)C)c1O,4.3872161432802645
CC(C)(C)c1cc(-c2noc(NC#N)n2)cc(C(C)(C)C)c1O,7.1938200260161125
CC(C)(C)c1cc(-c2nsc(N=C(N)N)n2)cc(C(C)(C)C)c1O,4.568636235841013
CC(C)(C)c1cc(-c2nsc(NC#N)n2)cc(C(C)(C)C)c1O,7.327902142064283
CC(C)(C)c1cc(-c2nsc(O)n2)cc(C(C)(C)C)c1O,5.958607314841775
CC(C)(C)c1cc(/C=C2\NC(=S)NC2=O)cc(C(C)(C)C)c1O,6.585026652029182
CC(C)(C)c1cc(/C=C2\OC(=O)NC2=O)cc(C(C)(C)C)c1O,4.468521082957745
CC(C)(C)c1cc(/C=C2\OC(N=C(N)N)=NC2=O)cc(C(C)(C)C)c1O,5.292429823902063
CC(C)(C)c1cc(/C=C2\SC(=O)NC2=O)cc(C(C)(C)C)c1O,5.327902142064283
CC(C)(C)c1cc(/C=C2\SC(=S)NC2=O)cc(C(C)(C)C)c1O,5.823908740944319
CC(C)(C)c1cc(/C=C2\SC(N=C(N)N)=NC2=O)cc(C(C)(C)C)c1O,4.6777807052660805
CC(C)(C)c1cc(/C=C2\SC(NC#N)=NC2=O)cc(C(C)(C)C)c1O,4.259637310505756
CC(C)(C)c1cc(/C=C2\SC(NO)=NC2=O)cc(C(C)(C)C)c1O,5.823908740944319
CC(C)(C)c1cc(C(=O)/C=C/CC2CC2)cc2c1OCC2(C)C,6.6020599913279625
CC(C)(C)c1cc(C(=O)CCCC2CC2)cc2c1OCC2,4.823908740944319
CC(C)(C)c1cc(C(=O)CCCC2CC2)cc2c1OCC2(C)C,6.657577319177793
CC(C)(C)c1cc(C(=O)CCCC2CC2)cc2c1OCCC2(C)C,5.522878745280337
CC(C)(C)c1cc(C(=O)CS(=O)(=O)CC2CC2)cc2c1OCC2(C)C,5.698970004336019
CC(C)(C)c1cc(C(=O)CSCC2CC2)cc2c1OCC2(C)C,6.3979400086720375
CC(C)(C)c1cc(C(=O)C[S+]([O-])CC2CC2)cc2c1OCC2(C)C,5.3979400086720375
CC(C)(C)c1cc(C(=O)c2ccccc2)cc2c1OCC2(C)C,8.154901959985743
CC(C)(C)c1nc(-c2ccc(F)cc2)c(-c2ccc(S(C)(=O)=O)cc2)s1,6.958607314841775
CC(C)(COc1ccc(Br)cc1)C(=O)NCCCN1c2ccccc2Sc2ccccc21,4.6777807052660805
CC(C)(Cl)CC(=O)c1cc(C(C)(C)C)c2c(c1)C(C)(C)CO2,7.0
CC(C)(O)COc1ncc(C(F)(F)F)cc1-c1ccc(S(C)(=O)=O)cc1,6.0
CC(C)(O)CSc1ncc(C(F)(F)F)cc1-c1ccc(S(C)(=O)=O)cc1,6.154901959985743
CC(C)(O)c1cc(-c2ccc(F)cc2)c(-c2ccc(S(N)(=O)=O)cc2)s1,5.795880017344075
CC(C)(O)c1cc(-c2ccc(S(N)(=O)=O)cc2)c(-c2ccc(F)cc2)s1,6.3872161432802645
CC(C)(O)c1scc(-c2ccc(S(C)(=O)=O)cc2)c1-c1ccc(F)cc1,5.229147988357856
CC(C)(Oc1ccc(Cl)cc1)C(=O)NCCCN1c2ccccc2Sc2ccccc21,5.886056647693163
CC(C)=CCn1ncc(-c2ccc(S(C)(=O)=O)cc2)c(-c2ccc(F)cc2)c1=O,6.761439372640169
CC(C)=Cc1cc(/C=C/S(N)(=O)=O)cc(C(=O)c2ccccc2)c1,6.008773924307505
CC(C)CCCC(=O)c1cc(C(C)(C)C)c2c(c1)C(C)(C)CO2,5.346787486224656
CC(C)Cc1ccc(C(C)C(=O)O)cc1,4.809894379144197
CC(C)OC1(C)OC(=O)C(c2ccc(F)cc2)=C1c1ccc(S(C)(=O)=O)cc1,6.096910013008056
CC(C)OC1=C(c2ccc(S(C)(=O)=O)cc2)C(C)(C)OC1=O,6.522878745280337
CC(C)OC1=C(c2ccc(S(C)(=O)=O)cc2)C(C)(CC(F)(F)F)OC1=O,5.886056647693163
CC(C)Oc1c(-c2ccc(S(C)(=O)=O)cc2)cnn(Cc2ccccc2)c1=O,6.734260541478872
CC(C)S(=O)(=O)c1c(O)n(Cc2ccc(F)c(F)c2)c(=O)c2ccc(Cl)cc12,7.0
CC(C)S(=O)(=O)c1c(O)n(Cc2ccc(F)c(F)c2)c(=O)c2ccccc12,6.698970004336019
CC(C)S(=O)(=O)c1c(O)n(Cc2ccc(F)cc2)c(=O)c2ccccc12,7.045757490560675
CC(C)S(=O)(=O)c1c(O)n(Cc2ccccc2)c(=O)c2ccc(Cl)cc12,7.221848749616356
CC(C)S(=O)(=O)c1c(O)n(Cc2ccccc2)c(=O)c2ccccc12,6.5376020021010435
CC(C)c1cc(-c2ccc(S(N)(=O)=O)cc2)c(-c2ccc(F)cc2)s1,8.0
CC(C)c1cc(/C=C2\SC(N=C(N)N)=NC2=O)cc(C(C)C)c1O,5.7447274948966935
CC(C)c1ccc(-c2c(Cl)ncn2-c2ccc(S(C)(=O)=O)cc2)cc1,7.4089353929735005
CC(C)c1ccc(C2=C(c3ccc(S(C)(=O)=O)cc3)C(C)(O)OC2=O)cc1,5.876873843850339
CC(C)c1nc(C2CCCCC2)c(-c2ccc(S(N)(=O)=O)c(F)c2)o1,6.221848749616356
CC(C)c1nc2sc(-c3ccc(S(C)(=O)=O)cc3)c(-c3ccccc3)n2n1,7.958607314841775
CC(C1CC1)n1ncc(-c2ccc(S(C)(=O)=O)cc2)c(-c2ccc(F)cc2)c1=O,6.426935982160881
CC(O)CN1c2ccccc2Sc2ccccc21,5.301029995663981
CC(OC1=C(c2ccc(S(C)(=O)=O)cc2)C(C)(C)OC1=O)C1CC1,7.096910013008056
CC(S)CN1c2ccccc2Sc2ccccc21,5.3979400086720375
CC1(C)C(=O)C(c2ccc(F)cc2)=C1c1ccc(S(C)(=O)=O)cc1,8.301029995663981
CC1(C)C(=O)C(c2ccc(S(C)(=O)=O)cc2)=C1c1ccccc1,7.017728766960431
CC1(C)C(=O)C(c2ccccc2)=C1c1ccc(S(C)(=O)=O)cc1,8.55284196865778
CC1(C)C(c2ccc(S(C)(=O)=O)cc2)=C(c2ccccc2)/C1=N/O,7.214670164989233
CC1(C)C(c2ccc(S(C)(=O)=O)cc2)=C(c2ccccc2)C1O,6.275724130399211
CC1(C)CC(c2ccc(Cl)cc2)=C(c2ccc(S(C)(=O)=O)cc2)C1,8.152465023828446
CC1(C)CC(c2ccc(F)cc2)=C(c2ccc(S(C)(=O)=O)cc2)C1,7.821891432890132
CC1(C)CC1Cn1ncc(-c2ccc(S(C)(=O)=O)cc2)c(-c2ccc(F)cc2)c1=O,6.83889035263304
CC1(C)COc2c(C3CCCC3)cc(C(=O)CCCC3CC3)cc21,4.698970004336019
CC1(C)COc2ccc(C(=O)CCCC3CC3)cc21,5.096910013008056
CC1(C)OC(=O)C(C(=O)c2ccccc2)=C1c1ccc(S(C)(=O)=O)cc1,6.159379381312206
CC1(C)OC(=O)C(Cc2ccccc2)=C1c1ccc(S(C)(=O)=O)cc1,6.05395269865476
CC1(C)OC(=O)C(Nc2ccccc2)=C1c1ccc(S(C)(=O)=O)cc1,5.823908740944319
CC1(C)OC(=O)C(OC2CC2)=C1c1ccc(S(C)(=O)=O)cc1,5.2839966563652006
CC1(C)OC(=O)C(OC2CCCCC2)=C1c1ccc(S(C)(=O)=O)cc1,7.3979400086720375
CC1(C)OC(=O)C(OCC2CC2)=C1c1ccc(S(C)(=O)=O)cc1,6.853871964321762
CC1(C)OC(=O)C(Oc2cc(F)cc(F)c2)=C1c1ccc(S(C)(=O)=O)cc1,7.0713337517843655
CC1(C)OC(=O)C(Oc2ccc(Br)cn2)=C1c1ccc(S(C)(=O)=O)cc1,7.610924374808178
CC1(C)OC(=O)C(Oc2ccc(C3CC3)cn2)=C1c1ccc(S(C)(=O)=O)cc1,7.522878745280337
CC1(C)OC(=O)C(Oc2ccc(Cl)cc2)=C1c1ccc(S(C)(=O)=O)cc1,7.849485002168009
CC1(C)OC(=O)C(Oc2ccc(Cl)cn2)=C1c1ccc(S(C)(=O)=O)cc1,7.698970004336019
CC1(C)OC(=O)C(Oc2ccc(F)c(F)c2)=C1c1ccc(S(C)(=O)=O)cc1,7.610924374808178
CC1(C)OC(=O)C(Oc2ccc(F)cc2)=C1c1ccc(S(C)(=O)=O)cc1,7.0
CC1(C)OC(=O)C(Oc2ccc(F)cc2F)=C1c1ccc(S(C)(=O)=O)cc1,7.548455006504028
CC1(C)OC(=O)C(Oc2ccc(F)cn2)=C1c1ccc(S(C)(=O)=O)cc1,7.247425010840047
CC1(C)OC(=O)C(Oc2ccc3[nH]ccc3c2)=C1c1ccc(S(C)(=O)=O)cc1,7.0713337517843655
CC1(C)OC(=O)C(Oc2ccc3ccccc3n2)=C1c1ccc(S(C)(=O)=O)cc1,6.330971062290122
CC1(C)OC(=O)C(Oc2ccc3sccc3c2)=C1c1ccc(S(C)(=O)=O)cc1,7.3979400086720375
CC1(C)OC(=O)C(Oc2cccc(Cl)n2)=C1c1ccc(S(C)(=O)=O)cc1,5.949814727441218
CC1(C)OC(=O)C(Oc2cccc(F)c2)=C1c1ccc(S(C)(=O)=O)cc1,7.426935982160881
CC1(C)OC(=O)C(Oc2cccc3cnccc23)=C1c1ccc(S(C)(=O)=O)cc1,6.3794759246641775
CC1(C)OC(=O)C(Oc2ccccc2)=C1c1ccc(S(C)(=O)=O)cc1,7.548455006504028
CC1(C)OC(=O)C(Oc2ccccn2)=C1c1ccc(S(C)(=O)=O)cc1,6.920818753952375
CC1(C)OC(=O)C(Oc2cccnc2)=C1c1ccc(S(C)(=O)=O)cc1,6.434511654197191
CC1(C)OC(=O)C(Oc2ccncc2)=C1c1ccc(S(C)(=O)=O)cc1,6.284318117920506
CC1(C)OC(=O)C(Oc2cnccn2)=C1c1ccc(S(C)(=O)=O)cc1,5.839926856944473
CC1(C)OC(=O)C(Oc2ncc(Cl)cc2Cl)=C1c1ccc(S(C)(=O)=O)cc1,7.3979400086720375
CC1(C)OC(=O)C(Oc2ncccc2Cl)=C1c1ccc(S(C)(=O)=O)cc1,7.045757490560675
CC1(C)OC(=O)C(Oc2ncccn2)=C1c1ccc(S(C)(=O)=O)cc1,6.1365549296290895
CC1(C)OC(=O)C(Oc2ncnc3ccccc23)=C1c1ccc(S(C)(=O)=O)cc1,5.653576540361385
CC1(C)OC(=O)C(Sc2ccccc2)=C1c1ccc(S(C)(=O)=O)cc1,6.489405350465031
CC1(C)OC(=O)C(c2cccc(F)c2)=C1c1ccc(S(C)(=O)=O)cc1,6.9604093769761874
CC1(Cn2ncc(-c3ccc(S(C)(=O)=O)cc3)c(-c3ccc(F)cc3)c2=O)CC1,6.426935982160881
CC1(O)OC(=O)C(c2cc(F)cc(F)c2)=C1c1ccc(S(C)(=O)=O)cc1,5.566266256070474
CC1(O)OC(=O)C(c2cc3ccccc3s2)=C1c1ccc(S(C)(=O)=O)cc1,5.840968332518619
CC1(O)OC(=O)C(c2ccc(Br)cc2)=C1c1ccc(S(C)(=O)=O)cc1,6.311711521471744
CC1(O)OC(=O)C(c2ccc(Cl)c(Cl)c2)=C1c1ccc(S(C)(=O)=O)cc1,6.612741517135725
CC1(O)OC(=O)C(c2ccc(Cl)cc2)=C1c1ccc(S(C)(=O)=O)cc1,6.36407919673175
CC1(O)OC(=O)C(c2ccc(Cl)cc2Cl)=C1c1ccc(S(C)(=O)=O)cc1,5.522878745280337
CC1(O)OC(=O)C(c2ccc(F)c(Cl)c2)=C1c1ccc(S(C)(=O)=O)cc1,6.308092317009784
CC1(O)OC(=O)C(c2ccc(F)c(F)c2)=C1c1ccc(S(C)(=O)=O)cc1,5.949814727441218
CC1(O)OC(=O)C(c2ccc(F)cc2)=C1c1ccc(S(C)(=O)=O)cc1,6.082471949139942
CC1(O)OC(=O)C(c2ccc3ccccc3c2)=C1c1ccc(S(C)(=O)=O)cc1,5.920818753952375
CC1(O)OC(=O)C(c2cccc(F)c2)=C1c1ccc(S(C)(=O)=O)cc1,5.747425010840047
CC1(O)OC(=O)C(c2ccccc2)=C1c1ccc(S(C)(=O)=O)cc1,6.358349385648225
CC1(O)OC(=O)C(c2cccs2)=C1c1ccc(S(C)(=O)=O)cc1,5.721246399047171
CC1(O)OC(=O)C(c2ccsc2)=C1c1ccc(S(C)(=O)=O)cc1,5.789198036565084
CC1(OCC(F)(F)F)OC(=O)C(c2ccc(F)cc2)=C1c1ccc(S(C)(=O)=O)cc1,6.446395015176066
CC1C(c2ccc(F)cc2)=C(c2ccc(S(C)(=O)=O)cc2)ON1C,7.5003129173815966
CC1C(c2ccccc2)=C(c2ccc(S(C)(=O)=O)cc2)ON1C,8.3767507096021
CC1Cc2cc(-c3c(Cl)ncn3-c3ccc(S(C)(=O)=O)cc3)ccc2O1,7.130768280269024
CCC#CCC(C)OC(=O)Cc1c(C)n(C(=O)c2ccc(Cl)cc2)c2ccc(OC)cc12,6.920818753952375
CCC#CCSc1ccccc1OC(C)=O,5.301029995663981
CCC(=O)OCc1cc(-n2nc(C(F)(F)F)cc2-c2ccc(C)cc2)ccc1S(N)(=O)=O,6.2441251443275085
CCC(C)OC1=C(c2ccc(S(C)(=O)=O)cc2)C(C)(C)OC1=O,7.3979400086720375
CCC(C)[C@@H](CO)NC(=O)Cc1c(C)n(C(=O)c2ccc(Cl)cc2)c2ccc(OC)cc12,6.958607314841775
CCC(O)(CC)[C@H](C)Oc1ncc(C(F)(F)F)cc1-c1ccc(S(C)(=O)=O)cc1,5.327902142064283
CCC1(C)COc2ccc(C(=O)CCCC3CC3)cc21,5.301029995663981
CCC1(CC)CC(c2ccc(F)cc2)=C(c2ccc(S(C)(=O)=O)cc2)C1,4.187086643357144
CCCC#CCCSc1ccccc1OC(C)=O,5.187086643357144
CCCC#CCSc1ccccc1OC(C)=O,5.522878745280337
CCCC(=O)c1cc(C(C)(C)C)c2c(c1)C(C)(C)CO2,7.022276394711152
CCCC(=O)c1cc(C(C)(C)C)c2c(c1)C(C)(C)CS2,6.823908740944319
CCCC/C=C/COC(=O)Cc1c(C)n(C(=O)c2ccc(Cl)cc2)c2ccc(OC)cc12,7.301029995663981
CCCC/C=C/CSc1ccccc1OC(C)=O,4.958607314841775
CCCCC#CC(C)Sc1ccccc1OC(C)=O,5.154901959985743
CCCCC#CCOC(=O)Cc1c(C)n(C(=O)c2ccc(Cl)cc2)c2ccc(OC)cc12,6.6020599913279625
CCCCC#CCSc1ccccc1OC(=O)CBr,4.585026652029182
CCCCC#CCSc1ccccc1OC(C)=O,6.096910013008056
CCCCC(=O)c1cc(C(C)(C)C)c2c(c1)C(C)(C)CCN2C,6.522878745280337
CCCCC(=O)c1cc(C(C)(C)C)c2c(c1)C(C)(C)CCS2,6.3979400086720375
CCCCC(=O)c1cc(C(C)(C)C)c2c(c1)C(C)(C)CO2,7.3979400086720375
CCCCC1C(=O)N(c2ccccc2)N(c2ccccc2)C1=O,3.5466816599529625
CCCCCC#CCSc1ccccc1OC(C)=O,5.154901959985743
CCCCCC(=O)c1cc(C(C)(C)C)c2c(c1)C(C)(C)CO2,7.045757490560675
CCCCCCCCCCCCCCCc1cccc(O)c1CSc1nc2cc(OC)ccc2[nH]1,6.0
CCCCCCCCCCCCCCCc1cccc(OC)c1CSc1nc2cc(C)ccc2[nH]1,5.580044251510242
CCCCCCCCCCCCCCCc1cccc(OC)c1CSc1nc2cc([N+](=O)[O-])ccc2[nH]1,5.6439741428068775
CCCCCCCCCCCCCCCc1cccc(OC)c1CSc1nc2ccccc2o1,5.557520230935552
CCCCCCCCCCCCCCCc1cccc(OC)c1CSc1nc2ccccc2s1,5.97469413473523
CCCCCCCCCCCCCCCc1cccc(OCC)c1CSc1nc2cc(OC)ccc2[nH]1,5.204119982655925
CCCCCCCCCCCCCCCc1cccc(OCC)c1CSc1nc2cc([N+](=O)[O-])ccc2[nH]1,3.415668775632469
CCCCCCCCCCCCCCCc1cccc(OCC)c1CSc1nc2ccccc2[nH]1,5.8326826652518236
CCCCCCCCCNC(=O)Cc1c(C)n(C(=O)c2ccc(Cl)cc2)c2ccc(OC)cc12,7.3979400086720375
CCCCCCCCNC(=O)Cc1c(C)n(C(=O)c2ccc(Cl)cc2)c2ccc(OC)cc12,7.3979400086720375
CCCCCCCCNC(=O)c1ccccc1Nc1c(Cl)ccc(C)c1Cl,7.221848749616356
CCCCCCCCOC(=O)Cc1c(C)n(C(=O)c2ccc(Cl)cc2)c2ccc(OC)cc12,7.045757490560675
CCCCCCCOC(=O)Cc1c(C)n(C(=O)c2ccc(Cl)cc2)c2ccc(OC)cc12,7.3979400086720375
CCCCCCCSc1ccccc1OC(C)=O,5.698970004336019
CCCCCCC[Se]c1ccccc1OC(C)=O,4.920818753952375
CCCCCCOC(=O)Cc1c(C)n(C(=O)c2ccc(Cl)cc2)c2ccc(OC)cc12,7.221848749616356
CCCCCCSc1ccccc1OC(C)=O,5.455931955649724
CCCCCOC(=O)Cc1c(C)n(C(=O)c2ccc(Cl)cc2)c2ccc(OC)cc12,7.301029995663981
CCCCCSc1ccccc1OC(C)=O,5.301029995663981
CCCCOC(=O)Cc1c(C)n(C(=O)c2ccc(Cl)cc2)c2ccc(OC)cc12,7.301029995663981
CCCCOCCOC(=O)Cc1c(C)n(C(=O)c2ccc(Cl)cc2)c2ccc(OC)cc12,7.221848749616356
CCCCOCCSc1ccccc1OC(C)=O,5.154901959985743
CCCCSc1ccccc1OC(C)=O,4.468521082957745
CCCOC(=O)Cc1c(C)n(C(=O)c2ccc(Cl)cc2)c2ccc(OC)cc12,7.0
CCCOc1ccc(-c2c(Cl)ncn2-c2ccc(S(C)(=O)=O)cc2)cc1,5.0
CCCSc1ccccc1OC(C)=O,4.180456064458132
CCCSc1nnc(-c2cc(C(C)(C)C)c(O)c(C(C)(C)C)c2)s1,4.0
CCCc1ccc(-c2c(Cl)ncn2-c2ccc(S(C)(=O)=O)cc2)cc1,7.0
CCN(CC)C(=O)Cc1c(C)n(C(=O)c2ccc(Cl)cc2)c2ccc(OC)cc12,4.6020599913279625
CCN(CC)CCSc1nnc(-c2cc(C(C)(C)C)c(O)c(C(C)(C)C)c2)s1,4.721246399047171
CCN(CC)Cc1cc(/C=C/S(N)(=O)=O)cc(C(=O)c2ccccc2)c1,5.1487416512809245
CCN(CC)c1ccc(-c2c(Cl)ncn2-c2ccc(S(C)(=O)=O)cc2)cc1,7.096910013008056
CCOC(=O)/C=C/c1cc(CC)cc(C(=O)c2ccccc2)c1,5.301029995663981
CCOC(=O)CCc1cc(-c2ccc(S(C)(=O)=O)cc2)c(-c2ccc(F)cc2)s1,3.886056647693163
CCOC(=O)CNC(=O)c1ccccc1Nc1c(Cl)ccc(C)c1Cl,5.3979400086720375
CCOC(=O)Cc1c(C)n(C(=O)c2ccc(Cl)cc2)c2ccc(OC)cc12,7.0
CCOC(=O)Cn1nc(-c2ccc(S(C)(=O)=O)cc2)c(-c2ccc(F)cc2)c1C(F)(F)F,6.356547323513812
CCOC(=O)c1cn(-c2ccc(S(C)(=O)=O)cc2)c(-c2ccc(Cl)cc2)n1,5.2420625485173895
CCOC(=O)c1csc2nc(-c3ccccc3)c(-c3ccc(S(C)(=O)=O)cc3)n12,6.045757490560675
CCOC(=O)c1nc(-c2ccc(F)cc2)c(-c2ccc(S(C)(=O)=O)cc2)s1,6.214670164989233
CCOC1(C)OC(=O)C(c2ccc(F)cc2)=C1c1ccc(S(C)(=O)=O)cc1,6.301029995663981
CCOC1=C(c2ccc(S(C)(=O)=O)cc2)C(C)(C)OC1=O,4.638272163982407
CCONC1=NC(=O)/C(=C/c2cc(C(C)(C)C)c(O)c(C(C)(C)C)c2)O1,4.102372908709558
CCONC1=NC(=O)/C(=C/c2cc(C(C)(C)C)c(O)c(C(C)(C)C)c2)S1,5.494850021680094
CCOc1cc(OCC)cc(-c2ccc(C(C)C(=O)O)cc2)c1,6.494850021680094
CCOc1cc(OCC)cc(-c2ccc(C(C)C(=O)O)cc2F)c1,7.0
CCOc1ccc(-c2c(Cl)ncn2-c2ccc(S(C)(=O)=O)cc2)cc1,8.397940008672037
CCOc1ccc(-c2c(Cl)ncn2-c2ccc(S(C)(=O)=O)cc2)cc1Cl,8.154901959985743
CCOc1ccc(-c2c(Cl)ncn2-c2ccc(S(C)(=O)=O)cc2)cc1F,7.6020599913279625
CCOc1ccc(-c2c(Cl)ncn2-c2ccc(S(N)(=O)=O)cc2)cc1,8.133803120088515
CCOc1ccc(-c2c(Cl)ncn2-c2ccc(S(N)(=O)=O)cc2)cc1Cl,8.154901959985743
CCOc1ccc(-c2c(Cl)ncn2-c2ccc(S(N)(=O)=O)cc2)cc1F,7.698970004336019
CCOc1ccc(-c2cc(C(F)(F)F)nn2-c2ccc(S(N)(=O)=O)c(CO)c2)cc1,6.045275209020937
CCOc1ccc(-c2cc(C(F)(F)F)nn2-c2ccc(S(N)(=O)=O)cc2)cc1,6.1919114353269595
CCOc1cccc(-c2ccc(C(C)C(=O)O)cc2F)c1,7.853871964321762
CCOc1cccc(NC(=O)Cc2c(C)n(C(=O)c3ccc(Cl)cc3)c3ccc(OC)cc23)c1,6.187086643357144
CCOc1ccncc1-c1c(Cl)ncn1-c1ccc(S(C)(=O)=O)cc1,6.562249437179612
CCOc1nnc(-c2cc(C(C)(C)C)c(O)c(C(C)(C)C)c2)s1,5.214670164989233
CCS(=O)(=O)c1ccc(-c2oc(C)nc2-c2ccc(F)cc2)cc1,4.42021640338319
CCSc1ccc(-c2c(Cl)ncn2-c2ccc(S(C)(=O)=O)cc2)cc1,7.275724130399211
CCSc1ccc(-c2cc(C(F)(F)F)nn2-c2ccc(S(N)(=O)=O)c(CO)c2)cc1,4.29073003902417
CCSc1cccc(-c2ccc(C(C)C(=O)O)cc2)c1,6.481486060122113
CCSc1ccccc1OC(C)=O,3.6989700043360187
CCSc1nnc(-c2cc(C(C)(C)C)c(O)c(C(C)(C)C)c2)o1,5.187086643357144
CCSc1nnc(-c2cc(C(C)(C)C)c(O)c(C(C)(C)C)c2)s1,6.853871964321762
CCSc1nnc(-c2nc(C(C)(C)C)c(O)c(C(C)(C)C)n2)s1,5.698970004336019
CC[C@@H](C)NC(=O)Cc1c(C)n(C(=O)c2ccc(Cl)cc2)c2ccc(OC)cc12,6.886056647693163
CC[C@@H](CO)NC(=O)Cc1c(C)n(C(=O)c2ccc(Cl)cc2)c2ccc(OC)cc12,6.552841968657781
CC[C@@]1(C)OC(=O)C(OC(C)C)=C1c1ccc(S(C)(=O)=O)cc1,6.301029995663981
CC[C@H](C)NC(=O)Cc1c(C)n(C(=O)c2ccc(Cl)cc2)c2ccc(OC)cc12,6.958607314841775
CC[C@H](CO)NC(=O)Cc1c(C)n(C(=O)c2ccc(Cl)cc2)c2ccc(OC)cc12,7.0
CC[C@]1(C)OC(=O)C(OC(C)C)=C1c1ccc(S(C)(=O)=O)cc1,6.3979400086720375
CCc1c(C(F)(F)F)nn(-c2ccc(S(N)(=O)=O)cc2)c1-c1ccc(Cl)cc1,7.552841968657781
CCc1cc(-c2cc(C(F)(F)F)nn2-c2ccc(S(N)(=O)=O)cc2)ccc1OC,6.366531544420414
CCc1cc(/C=C/C(=O)O)cc(C(=O)c2ccccc2)c1,5.585026652029182
CCc1cc(/C=C/C(N)=O)cc(C(=O)c2ccccc2)c1,5.7447274948966935
CCc1cc(/C=C/S(N)(=O)=O)cc(C(=O)c2ccccc2)c1,5.809894379144197
CCc1cc(C(=O)c2ccccc2)ccc1/C=C/S(N)(=O)=O,5.251811972993799
CCc1ccc(-c2cc(C(F)(F)F)nn2-c2ccc(S(N)(=O)=O)c(CO)c2)cc1,5.860120913598763
CCc1ccc(-c2cc(C(F)(F)F)nn2-c2ccc(S(N)(=O)=O)cc2)cc1,6.0655015487564325
CCc1ccc(-c2nc(C)oc2-c2ccc(S(C)(=O)=O)cc2)s1,6.853871964321762
CCc1ccc(-c2ncc(Cl)cc2-c2ccc(S(C)(=O)=O)cc2)cn1,6.535290537142854
CCc1ccc(-n2c(-c3ccc(S(C)(=O)=O)cc3)coc2=O)cc1,6.1610753929201465
CCc1ccc(-n2c(-c3ccc(S(N)(=O)=O)cc3)coc2=O)cc1,5.806938049308891
CCc1ccc(/C=C/S(N)(=O)=O)cc1C(=O)c1ccccc1,6.113509274827518
CCc1ccc(Sc2cc3c(cc2NS(C)(=O)=O)CCC3=O)cc1,7.0
CCc1cccc(-c2ccc(C(C)C(=O)O)cc2)c1,5.619788758288394
CCc1csc(Sc2cc3c(cc2NS(C)(=O)=O)CCC3=O)n1,6.931322944314633
CCc1csc(Sc2cc3c(cc2NS(C)(=O)=O)COC3=O)n1,6.9430283238465815
CCc1nc(-c2ccc(F)cc2)c(-c2ccc(S(C)(=O)=O)cc2)s1,7.638272163982407
CCc1nc(C2CCCCC2)c(-c2ccc(S(C)(=O)=O)cc2)o1,6.568636235841013
CCc1nc(C2CCCCC2)c(-c2ccc(S(N)(=O)=O)c(F)c2)o1,6.920818753952375
CCc1nc2sc(-c3ccc(S(C)(=O)=O)cc3)c(-c3ccccc3)n2n1,7.823908740944319
CCn1nc(-c2ccc(S(C)(=O)=O)cc2)c(-c2ccc(F)cc2)c1C(F)(F)F,6.886056647693163
CCn1nc(-c2ccc(S(N)(=O)=O)cc2)c(-c2ccc(F)cc2)c1C(F)(F)F,7.481486060122112
CCn1nccc1NC(=O)Cc1c(C)n(C(=O)c2ccc(Cl)cc2)c2ccc(OC)cc12,6.154901959985743
CN(C)S(=O)(=O)c1ccc(-n2c(CCC(=O)O)ccc2-c2ccc(F)cc2)cc1,5.1249387366083
CN(C)c1c(Cl)cc(-c2nc(C(F)(F)F)cn2-c2ccc(S(C)(=O)=O)cc2)cc1Cl,6.851941753915143
CN(C)c1cc(-c2nc(C(F)(F)F)cn2-c2ccc(S(C)(=O)=O)cc2)ccc1Cl,5.981483029254318
CN(C)c1ccc(-c2c(Cl)ncn2-c2ccc(S(C)(=O)=O)cc2)cc1Cl,7.568636235841013
CN(C)c1ccc(-c2cc(C(F)(F)F)nn2-c2ccc(S(N)(=O)=O)cc2)cc1,8.327902142064282
CN(C)c1ccc(-c2cc(C(F)(F)F)nn2-c2ccc(S(N)(=O)=O)cc2)cc1F,8.244125144327509
CN(C)c1ccc(-c2cc(F)c(F)cc2-c2ccc(S(C)(=O)=O)cc2)cc1Cl,8.098462725229332
CN(C)c1ccc(-c2cc(F)c(F)cc2-c2ccc(S(N)(=O)=O)cc2)cc1Cl,8.22090981113951
CN(C)c1ccc(-c2nc(C(F)(F)F)cn2-c2ccc(S(C)(=O)=O)cc2)cc1,6.152449686946641
CN(C)c1ccc(-c2nc(C(F)(F)F)cn2-c2ccc(S(C)(=O)=O)cc2)cc1Cl,6.492427464833348
CN(C)c1ccc(-c2nc(C(F)(F)F)cn2-c2ccc(S(C)(=O)=O)cc2)cc1F,6.480743765501632
CN(C)c1ccc(C2=C(c3ccc(S(C)(=O)=O)cc3)CCC2)cc1Cl,8.300509466670935
CN(C)c1ccc(C2=C(c3ccc(S(N)(=O)=O)cc3)CCC2)cc1Cl,8.699513552156626
CN(C)c1cccc(-c2nc(C(F)(F)F)cn2-c2ccc(S(C)(=O)=O)cc2)c1,5.492424780623096
CN(C)c1ccccc1-c1cc(C(F)(F)F)nn1-c1ccc(S(N)(=O)=O)cc1,4.844663962534939
CN(CC(=O)c1cc(C(C)(C)C)c2c(c1)C(C)(C)CO2)CC1CC1,5.6020599913279625
CN1C(=O)/C(=C(/O)Nc2ccc(Cl)cc2)c2ccccc2C1=O,7.337242168318426
CN1C(=O)/C(=C(/O)Nc2ccc(Cl)cc2Cl)c2cc(Cl)ccc2C1=O,6.698970004336019
CN1C(=O)/C(=C(/O)Nc2ccccc2)c2ccccc2C1=O,6.769551078621726
CN1C(C(=O)Nc2ccccn2)=C(O)c2ccccc2S1(=O)=O,3.661543506395395
CN1C(NC(=N)N)=NC(=O)/C1=C/c1cc(C(C)(C)C)c(O)c(C(C)(C)C)c1,4.0915149811213505
CN1C(O)=C(C(=O)Nc2ccc(Cl)cc2Cl)c2cc(Cl)ccc2S1(=O)=O,8.045757490560675
CN1C(O)=C(C(=O)Nc2ccc(F)cc2F)c2cc(Cl)ccc2S1(=O)=O,6.522878745280337
CN1C(O)=C(C(=O)Nc2ccccc2Cl)c2cc(Cl)ccc2S1(=O)=O,8.096910013008056
CN1CC(c2ccc(F)cc2)=C(c2ccccc2)O1,5.269217724333611
CN1CC(c2ccc(S(C)(=O)=O)cc2)=C(c2ccccc2)O1,5.269217724333611
CN1CC(c2ccccc2)=C(c2ccc(F)cc2)O1,5.304518323509803
CNC(=O)Cc1c(C)n(C(=O)c2ccc(Cl)cc2)c2ccc(OC)cc12,6.154901959985743
CNS(=O)(=O)c1ccc(-c2ccsc2-c2ccc(F)cc2)cc1,5.142667503568732
CNS(=O)(=O)c1ccc(-c2oc(C)nc2C2CCCCC2)cc1,5.508638306165727
CNc1ccc(-c2cc(C(F)(F)F)nn2-c2ccc(S(N)(=O)=O)cc2)cc1,7.795880017344075
CNc1ccc(-c2cc(C(F)(F)F)nn2-c2ccc(S(N)(=O)=O)cc2)cc1Cl,7.568636235841013
CNc1ccc(-c2nc(C(F)(F)F)cn2-c2ccc(S(C)(=O)=O)cc2)cc1,5.8326826652518236
CNc1ccc(-c2nc(C(F)(F)F)cn2-c2ccc(S(C)(=O)=O)cc2)cc1Cl,6.180229165473678
CNc1cccc(-c2nc(C(F)(F)F)cn2-c2ccc(S(C)(=O)=O)cc2)c1,6.038106286175619
CNc1nnc(-c2cc(C(C)(C)C)c(O)c(C(C)(C)C)c2)s1,5.017728766960431
COC(=O)CNC(=O)Cc1c(C)n(C(=O)c2ccc(Cl)cc2)c2ccc(OC)cc12,5.3979400086720375
COC(=O)CNC(=O)c1ccccc1Nc1c(Cl)ccc(C)c1Cl,5.920818753952375
COC(=O)Cc1c(C)n(C(=O)c2ccc(Cl)cc2)c2ccc(OC)cc12,6.6020599913279625
COC(=O)Cc1ccc(NC(=O)Cc2c(C)n(C(=O)c3ccc(Cl)cc3)c3ccc(OC)cc23)cc1,7.236572006437063
COC(=O)[C@@H](C)NC(=O)Cc1c(C)n(C(=O)c2ccc(Cl)cc2)c2ccc(OC)cc12,6.3979400086720375
COC(=O)[C@@H](C)NC(=O)c1ccccc1Nc1c(Cl)ccc(C)c1Cl,5.221848749616356
COC(=O)[C@H](C)NC(=O)Cc1c(C)n(C(=O)c2ccc(Cl)cc2)c2ccc(OC)cc12,6.721246399047171
COC(=O)[C@H](C)NC(=O)c1ccccc1Nc1c(Cl)ccc(C)c1Cl,5.585026652029182
COC(=O)c1cc(-c2ccc(F)cc2)n(-c2ccc(S(N)(=O)=O)cc2)n1,4.0
COC(=O)c1cc(-c2ccc(S(N)(=O)=O)cc2)c(-c2ccc(F)cc2)s1,7.154901959985743
COC(=O)c1cc2cc(S(C)(=O)=O)ccc2n1C(=O)c1ccc(Cl)cc1,6.136677139879544
COC(=O)c1cc2cc(S(C)(=O)=O)ccc2n1Cc1ccc(Br)cc1,5.429457060118103
COC(=O)c1cc2cc(S(C)(=O)=O)ccc2n1Cc1ccc(Cl)cc1,5.7768090938887795
COC(=O)c1cc2cc(S(C)(=O)=O)ccc2n1Cc1ccc(OC)cc1,5.198894016098851
COC(=O)c1ccc(-c2ccccc2)c(-c2ccc(S(C)(=O)=O)cc2)c1,4.318758762624412
COC(=O)c1ccccc1Nc1c(Cl)ccc(C)c1Cl,5.3979400086720375
COC(=O)c1nn(-c2ccc(S(N)(=O)=O)cc2)c(-c2ccc(Cl)cc2)c1Cl,6.797939075968737
COC1(C)OC(=O)C(c2ccc(F)cc2)=C1c1ccc(S(C)(=O)=O)cc1,7.080575454631372
COC1(c2cc(F)cc(OCc3cc(-c4ccccc4)n(-c4ccc(S(C)(=O)=O)cc4)n3)c2)CCOCC1,7.301029995663981
COC1=C(c2ccc(S(C)(=O)=O)cc2)C(C)(C)OC1=O,4.481486060122113
COCCCNC(=O)c1ccccc1Nc1c(Cl)ccc(C)c1Cl,4.958607314841775
COCCNC(=O)c1ccccc1Nc1c(Cl)ccc(C)c1Cl,5.522878745280337
COC[C@@H](C)NC(=O)Cc1c(C)n(C(=O)c2ccc(Cl)cc2)c2ccc(OC)cc12,6.853871964321762
COC[C@H](C)NC(=O)Cc1c(C)n(C(=O)c2ccc(Cl)cc2)c2ccc(OC)cc12,6.619788758288394
COCc1ccc(C2=C(c3ccc(S(C)(=O)=O)cc3)CCC2)cc1,5.180228179473823
COCc1cccc(-c2nc(C(F)(F)F)cn2-c2ccc(S(C)(=O)=O)cc2)c1,4.166852888087215
COCc1cn(-c2ccc(S(C)(=O)=O)cc2)c(-c2ccc(Cl)cc2)n1,5.4297286639570785
CON(C)C1=NC(=O)/C(=C/c2cc(C(C)(C)C)c(O)c(C(C)(C)C)c2)S1,4.7447274948966935
CONC(=O)c1ccccc1Nc1c(Cl)ccc(C)c1Cl,4.259637310505756
CONC1=NC(=O)/C(=C/c2cc(C(C)(C)C)c(O)c(C(C)(C)C)c2)S1,5.769551078621726
CONC1=NC(=O)/C(=C/c2cc(C(C)C)c(O)c(C(C)C)c2)S1,6.2441251443275085
COc1c(Br)cc(-c2nc(C(F)(F)F)cn2-c2ccc(S(C)(=O)=O)cc2)cc1Br,7.047866792018674
COc1c(C(C)(C)C)cc(-c2nnc(S)s2)cc1C(C)(C)C,5.823908740944319
COc1c(C(C)(C)C)cc(-c2nnc(SC)s2)cc1C(C)(C)C,6.468521082957745
COc1c(C(F)(F)F)nn(-c2ccc(S(N)(=O)=O)cc2)c1-c1ccccc1,7.096910013008056
COc1c(C)cc(-c2cc(C(F)(F)F)nn2-c2ccc(S(N)(=O)=O)cc2)cc1Cl,7.180456064458132
COc1c(C)cc(-c2nc(C(F)(F)F)cn2-c2ccc(S(C)(=O)=O)cc2)cc1C,6.141332540833817
COc1c(Cl)cc(-c2c(Cl)ncn2-c2ccc(S(C)(=O)=O)cc2)cc1Cl,8.154901959985743
COc1c(Cl)cc(-c2cc(C(F)F)nn2-c2ccc(S(N)(=O)=O)cc2)cc1Cl,7.678921132642886
COc1c(Cl)cc(-c2cc(F)c(F)cc2-c2ccc(S(N)(=O)=O)cc2)cc1Cl,7.678921132642886
COc1c(Cl)cc(-c2nc(C(F)(F)F)cn2-c2ccc(S(C)(=O)=O)cc2)cc1Cl,6.851941753915143
COc1c(Cl)cc(C2=C(c3ccc(S(C)(=O)=O)cc3)CC3(CC3)C2)cc1Cl,8.22090981113951
COc1c(Cl)cc(C2=C(c3ccc(S(C)(=O)=O)cc3)CCC2)cc1Cl,7.769806696356897
COc1c(Cl)cc(C2=C(c3ccc(S(N)(=O)=O)cc3)CC3(CC3)C2)cc1Cl,8.39897391554397
COc1c(Cl)cc(C2=C(c3ccc(S(N)(=O)=O)cc3)CCC2)cc1Cl,8.047866792018674
COc1c(F)cc(-c2cc(C(F)F)nn2-c2ccc(S(N)(=O)=O)cc2)cc1F,6.457964005399848
COc1c(F)cc(-c2nc(C(F)(F)F)cn2-c2ccc(S(C)(=O)=O)cc2)cc1F,6.7697811210384575
COc1c(F)cc(-c2nc(C(F)(F)F)cn2-c2ccc(S(N)(=O)=O)cc2)cc1F,7.521435901161594
COc1cc(-c2c(Cl)ncn2-c2ccc(S(C)(=O)=O)cc2)ccc1C,7.823908740944319
COc1cc(-c2c(Cl)ncn2-c2ccc(S(C)(=O)=O)cc2)ccc1F,7.795880017344075
COc1cc(-c2c(Cl)ncn2-c2ccc(S(N)(=O)=O)cc2)ccc1F,8.096910013008056
COc1cc(-c2nc(C(F)(F)F)cn2-c2ccc(S(C)(=O)=O)cc2)ccc1Cl,6.601028822700004
COc1cc(-c2nc(C(F)(F)F)cn2-c2ccc(S(N)(=O)=O)cc2)ccc1Cl,7.699513552156626
COc1cc(C)c(-c2nc(C(F)(F)F)cn2-c2ccc(S(C)(=O)=O)cc2)cc1C,4.913640169325252
COc1cc(F)cc(-c2nc(C(F)(F)F)cn2-c2ccc(S(C)(=O)=O)cc2)c1,6.018864971493346
COc1cc(F)cc(-c2nc(C(F)(F)F)cn2-c2ccc(S(N)(=O)=O)cc2)c1,6.338620224107771
COc1cc(OC)cc(-c2ccc(C(C)C(=O)O)cc2F)c1,7.154901959985743
COc1cc2c(cc1F)-c1c(c(C(F)(F)F)nn1-c1ccc(S(C)(=O)=O)cc1)SC2,7.1249387366083
COc1cc2c(cc1F)-c1c(c(C(F)(F)F)nn1-c1ccc(S(N)(=O)=O)cc1)SC2,8.045757490560675
COc1cc2c(cc1F)-c1c(c(C(F)(F)F)nn1-c1ccc(S(N)(=O)=O)cc1)[S+]([O-])C2,5.823908740944319
COc1cc2c(cc1F)-c1c(c(C(F)F)nn1-c1ccc(S(N)(=O)=O)cc1)SC2,7.494850021680094
COc1ccc(-c2c(-c3ccc(S(C)(=O)=O)cc3)oc3ccccc23)cc1Cl,7.0
COc1ccc(-c2c(-c3ccc(S(C)(=O)=O)cc3)oc3ccccc23)cc1F,7.031517051446065
COc1ccc(-c2c(-c3ccc(S(N)(=O)=O)cc3)oc3ccccc23)cc1Cl,7.698970004336019
COc1ccc(-c2c(-c3ccc(S(N)(=O)=O)cc3)oc3ccccc23)cc1F,8.301029995663981
COc1ccc(-c2c(Cl)ncn2-c2ccc(S(C)(=O)=O)cc2)c(F)c1,7.823908740944319
COc1ccc(-c2c(Cl)ncn2-c2ccc(S(C)(=O)=O)cc2)cc1,7.958607314841775
COc1ccc(-c2c(Cl)ncn2-c2ccc(S(C)(=O)=O)cc2)cc1C,7.886056647693163
COc1ccc(-c2c(Cl)ncn2-c2ccc(S(C)(=O)=O)cc2)cc1Cl,8.096910013008056
COc1ccc(-c2c(Cl)ncn2-c2ccc(S(C)(=O)=O)cc2)cc1F,7.602407705158788
COc1ccc(-c2c(Cl)ncn2-c2ccc(S(N)(=O)=O)cc2)cc1Cl,8.301029995663981
COc1ccc(-c2c(Cl)ncn2-c2ccc(S(N)(=O)=O)cc2)cc1F,7.740743030061056
COc1ccc(-c2cc(-c3ccc(Cl)cc3)n(-c3ccc(S(N)(=O)=O)cc3)n2)cc1,7.0
COc1ccc(-c2cc(C(F)(F)F)nn2-c2ccc(Cl)cc2)cc1,6.122468674143265
COc1ccc(-c2cc(C(F)(F)F)nn2-c2ccc(OC)cc2)cc1,6.122468674143265
COc1ccc(-c2cc(C(F)(F)F)nn2-c2ccc(S(C)(=O)=O)c(CO)c2)cc1,5.494850021680094
COc1ccc(-c2cc(C(F)(F)F)nn2-c2ccc(S(N)(=O)=O)c(CNC(C)=O)c2)cc1,5.552841968657781
COc1ccc(-c2cc(C(F)(F)F)nn2-c2ccc(S(N)(=O)=O)c(CO)c2)cc1,6.437707135543525
COc1ccc(-c2cc(C(F)(F)F)nn2-c2ccc(S(N)(=O)=O)c(F)c2)cc1,4.8696662315049934
COc1ccc(-c2cc(C(F)(F)F)nn2-c2ccc(S(N)(=O)=O)cc2)cc1,8.096910013008056
COc1ccc(-c2cc(C(F)(F)F)nn2-c2ccc(S(N)(=O)=O)cc2)cc1C,8.031517051446064
COc1ccc(-c2cc(C(F)(F)F)nn2-c2ccc(S(N)(=O)=O)cc2)cc1OC,6.221848749616356
COc1ccc(-c2cc(C(F)(F)F)nn2-c2ccc(S(N)(=O)=O)cc2F)cc1,6.823908740944319
COc1ccc(-c2cc(C(F)F)nn2-c2ccc(S(N)(=O)=O)cc2)cc1,7.821891432890132
COc1ccc(-c2cc(C(F)F)nn2-c2ccc(S(N)(=O)=O)cc2)cc1Cl,7.569280590144537
COc1ccc(-c2cc(C(F)F)nn2-c2ccc(S(N)(=O)=O)cc2)cc1F,7.300509466670935
COc1ccc(-c2cc(F)c(F)cc2-c2ccc(S(C)(=O)=O)cc2)cc1C,7.888070392334685
COc1ccc(-c2cc(F)c(F)cc2-c2ccc(S(C)(=O)=O)cc2)cc1Cl,7.720675709517767
COc1ccc(-c2cc(F)c(F)cc2-c2ccc(S(C)(=O)=O)cc2)cc1F,7.678921132642886
COc1ccc(-c2cc(F)c(F)cc2-c2ccc(S(C)(=O)=O)cc2)cc1OC,6.469263204944301
COc1ccc(-c2cc(F)c(F)cc2-c2ccc(S(N)(=O)=O)cc2)cc1C,8.300509466670935
COc1ccc(-c2cc(F)c(F)cc2-c2ccc(S(N)(=O)=O)cc2)cc1Cl,7.888070392334685
COc1ccc(-c2cc(F)c(F)cc2-c2ccc(S(N)(=O)=O)cc2)cc1F,7.888070392334685
COc1ccc(-c2cc(F)c(F)cc2-c2ccc(S(N)(=O)=O)cc2)cc1OC,7.1885279284756525
COc1ccc(-c2ccc(CCC(=O)O)n2-c2ccc(C(C)=O)cc2)cc1,5.47851546330341
COc1ccc(-c2ccccc2-c2ccc(S(C)(=O)=O)cc2)cc1Cl,4.943095148663527
COc1ccc(-c2ccccc2-c2ccc(S(N)(=O)=O)cc2)cc1Cl,7.720675709517767
COc1ccc(-c2ccccc2-c2ccc(S(N)(=O)=O)cc2)cc1F,7.480763439685022
COc1ccc(-c2cscc2-c2ccc(S(C)(=O)=O)cc2)cc1,6.301029995663981
COc1ccc(-c2cscc2-c2ccc(S(C)(=O)=O)cc2)cc1F,7.522878745280337
COc1ccc(-c2cscc2-c2ccc(S(N)(=O)=O)cc2)cc1F,8.045757490560675
COc1ccc(-c2nc(-c3ccc(F)cc3)c(-c3ccc(S(C)(=O)=O)cc3)s2)cc1,6.568636235841013
COc1ccc(-c2nc(-c3ccccc3Cl)sc2-c2ccc(S(N)(=O)=O)cc2)cc1F,5.605548319173784
COc1ccc(-c2nc(C(F)(F)F)cn2-c2ccc(S(C)(=O)=O)cc2)cc1,6.2420625485173895
COc1ccc(-c2nc(C(F)(F)F)cn2-c2ccc(S(C)(=O)=O)cc2)cc1Cl,6.888036676436635
COc1ccc(-c2nc(C(F)(F)F)cn2-c2ccc(S(C)(=O)=O)cc2)cc1F,6.821948810943301
COc1ccc(-c2nc(C(F)(F)F)cn2-c2ccc(S(C)(=O)=O)cc2)cn1,5.920410177937011
COc1ccc(-c2nc(C(F)(F)F)cn2-c2ccc(S(N)(=O)=O)cc2)cc1Br,7.521435901161594
COc1ccc(-c2nc(C(F)(F)F)cn2-c2ccc(S(N)(=O)=O)cc2)cc1Cl,7.699513552156626
COc1ccc(-c2nc(C(F)(F)F)cn2-c2ccc(S(N)(=O)=O)cc2)cc1F,7.521435901161594
COc1ccc(-c2nc(C)sc2-c2ccc(S(N)(=O)=O)cc2)cc1F,7.552841968657781
COc1ccc(-c2nc(NCc3ccccc3)sc2-c2ccc(S(N)(=O)=O)cc2)cc1F,7.229147988357855
COc1ccc(-c2nn(-c3ccccc3)c3c2CCCCC3)cc1,5.906578314837765
COc1ccc(-c2sccc2-c2ccc(S(C)(=O)=O)cc2)cc1,5.301029995663981
COc1ccc(-n2c(-c3ccc(S(N)(=O)=O)cc3)coc2=O)cc1,6.6778944788594075
COc1ccc(-n2c(-c3ccc(S(N)(=O)=O)cc3)coc2=O)cc1Cl,6.107952729430465
COc1ccc(-n2c(-c3ccc(S(N)(=O)=O)cc3)coc2=O)cc1F,5.946959993058136
COc1ccc(-n2nc(-c3ccc(Cl)cc3)c3c2CCC(F)C3)cc1,5.6777807052660805
COc1ccc(-n2nc(-c3ccc(Cl)cc3)c3c2CCC(N(O)C(C)=O)C3)cc1,5.619788758288394
COc1ccc(-n2nc(-c3ccc(Cl)cc3)c3c2CCC(O)C3)cc1,6.337242168318426
COc1ccc(-n2nc(-c3ccc(Cl)cc3)c3c2CCCCC3)cc1,5.806875401645538
COc1ccc(-n2nc(C(=O)CCCO[N+](=O)[O-])cc2-c2ccc(S(C)(=O)=O)cc2)cc1,5.6020599913279625
COc1ccc(-n2nc(C(F)(F)F)cc2-c2ccc(Cl)cc2)cc1,4.125518182300533
COc1ccc(-n2nc(C(F)(F)F)cc2-c2ccc(S(N)(=O)=O)cc2)cc1,8.171957130681527
COc1ccc(C(=O)NNc2ccc(Cl)cc2)cc1,6.327902142064283
COc1ccc(C(=O)c2ccccc2)cc1C(C)C(=O)O,5.552841968657781
COc1ccc(C2=C(c3ccc(S(C)(=O)=O)cc3)CC3(CC3)C2)cc1,8.300509466670935
COc1ccc(C2=C(c3ccc(S(C)(=O)=O)cc3)CC3(CC3)C2)cc1Br,8.388070392334685
COc1ccc(C2=C(c3ccc(S(C)(=O)=O)cc3)CC3(CC3)C2)cc1Cl,7.769806696356897
COc1ccc(C2=C(c3ccc(S(C)(=O)=O)cc3)CC3(CC3)C2)cc1F,8.0
COc1ccc(C2=C(c3ccc(S(C)(=O)=O)cc3)CCC2)cc1,8.301029995663981
COc1ccc(C2=C(c3ccc(S(C)(=O)=O)cc3)CCC2)cc1Cl,6.851941753915143
COc1ccc(C2=C(c3ccc(S(C)(=O)=O)cc3)CCC2)cc1F,6.920402953422224
COc1ccc(C2=C(c3ccc(S(C)(=O)=O)cc3)CN(c3ccc(F)cc3)C2=O)cc1,6.522878745280337
COc1ccc(C2=C(c3ccc(S(C)(=O)=O)cc3)CN(c3cccc(F)c3)C2=O)cc1,6.552841968657781
COc1ccc(C2=C(c3ccc(S(C)(=O)=O)cc3)CN(c3ccccc3)C2=O)cc1,6.468521082957745
COc1ccc(C2=C(c3ccc(S(C)(=O)=O)cc3)CN(c3ccccc3Cl)C2=O)cc1,6.657577319177793
COc1ccc(C2=C(c3ccc(S(N)(=O)=O)cc3)CC3(CC3)C2)cc1,9.0
COc1ccc(C2=C(c3ccc(S(N)(=O)=O)cc3)CC3(CC3)C2)cc1Br,8.699513552156626
COc1ccc(C2=C(c3ccc(S(N)(=O)=O)cc3)CC3(CC3)C2)cc1Cl,8.699513552156626
COc1ccc(C2=C(c3ccc(S(N)(=O)=O)cc3)CC3(CC3)C2)cc1F,8.699513552156626
COc1ccc(C2=C(c3ccc(S(N)(=O)=O)cc3)CCC2)cc1,8.699513552156626
COc1ccc(C2=C(c3ccc(S(N)(=O)=O)cc3)CCC2)cc1Cl,8.047866792018674
COc1ccc(C2=C(c3ccc(S(N)(=O)=O)cc3)CCC2)cc1F,7.7979253753951525
COc1ccc(C2=CC3(C=C2c2ccc(S(C)(=O)=O)cc2)CC3)cc1Cl,7.569280590144537
COc1ccc(N2CC(c3ccc(S(C)(=O)=O)cc3)=C(c3ccc(F)cc3)C2=O)cc1,5.920818753952375
COc1ccc(NC(=O)Cc2c(C)n(C(=O)c3ccc(Cl)cc3)c3ccc(OC)cc23)cc1,7.251811972993799
COc1ccc(NNC(=O)c2ccc(Cl)cc2)cc1,6.886056647693163
COc1ccc(NNC(=O)c2ccccc2)cc1,6.7447274948966935
COc1ccc(OC(=O)Cc2c(C)n(C(=O)c3ccc(Cl)cc3)c3ccc(OC)cc23)cc1,7.3979400086720375
COc1ccc(Oc2c(-c3ccc(S(C)(=O)=O)cc3)oc(C)cc2=O)c(Cl)c1,6.7447274948966935
COc1ccc(Sc2cc3c(cc2NS(C)(=O)=O)CCC3=O)cc1,7.0
COc1ccc2c(c1)CSc1c(C(F)(F)F)nn(-c3ccc(S(N)(=O)=O)cc3)c1-2,7.886056647693163
COc1ccc2c(c1)c(CC(=O)N(C)C)c(C)n2C(=O)c1ccc(Cl)cc1,4.7447274948966935
COc1ccc2c(c1)c(CC(=O)NC(C)(C)CO)c(C)n2C(=O)c1ccc(Cl)cc1,6.721246399047171
COc1ccc2c(c1)c(CC(=O)NCCCCCCO)c(C)n2C(=O)c1ccc(Cl)cc1,6.6777807052660805
COc1ccc2c(c1)c(CC(=O)NCCCCCO)c(C)n2C(=O)c1ccc(Cl)cc1,6.5376020021010435
COc1ccc2c(c1)c(CC(=O)NCCCCO)c(C)n2C(=O)c1ccc(Cl)cc1,6.552841968657781
COc1ccc2c(c1)c(CC(=O)NCCCCl)c(C)n2C(=O)c1ccc(Cl)cc1,7.301029995663981
COc1ccc2c(c1)c(CC(=O)NCCCO)c(C)n2C(=O)c1ccc(Cl)cc1,6.657577319177793
COc1ccc2c(c1)c(CC(=O)NCCO)c(C)n2C(=O)c1ccc(Cl)cc1,6.698970004336019
COc1ccc2c(c1)c(CC(=O)NCCOC(=O)/C=C/c1ccc(N(C)C)cc1)c(C)n2C(=O)c1ccc(Cl)cc1,6.721246399047171
COc1ccc2c(c1)c(CC(=O)NCCc1ccccc1)c(C)n2C(=O)c1ccc(Cl)cc1,7.221848749616356
COc1ccc2c(c1)c(CC(=O)NC[C@@H](C)O)c(C)n2C(=O)c1ccc(Cl)cc1,6.481486060122113
COc1ccc2c(c1)c(CC(=O)NC[C@@H](O)c1ccccc1)c(C)n2C(=O)c1ccc(Cl)cc1,7.327902142064283
COc1ccc2c(c1)c(CC(=O)NC[C@H](C)O)c(C)n2C(=O)c1ccc(Cl)cc1,6.494850021680094
COc1ccc2c(c1)c(CC(=O)NC[C@H](O)c1ccccc1)c(C)n2C(=O)c1ccc(Cl)cc1,6.6777807052660805
COc1ccc2c(c1)c(CC(=O)NCc1ccc(C(C)=O)cc1)c(C)n2C(=O)c1ccc(Cl)cc1,7.096910013008056
COc1ccc2c(c1)c(CC(=O)NCc1ccc(C)cc1)c(C)n2C(=O)c1ccc(Cl)cc1,7.221848749616356
COc1ccc2c(c1)c(CC(=O)NCc1ccccc1C)c(C)n2C(=O)c1ccc(Cl)cc1,6.823908740944319
COc1ccc2c(c1)c(CC(=O)NN1CCC[C@@H]1CO)c(C)n2C(=O)c1ccc(Cl)cc1,5.769551078621726
COc1ccc2c(c1)c(CC(=O)NN1CCC[C@H]1CO)c(C)n2C(=O)c1ccc(Cl)cc1,5.7447274948966935
COc1ccc2c(c1)c(CC(=O)NNCc1ccccc1)c(C)n2C(=O)c1ccc(Cl)cc1,5.6020599913279625
COc1ccc2c(c1)c(CC(=O)NOCc1ccc([N+](=O)[O-])cc1)c(C)n2C(=O)c1ccc(Cl)cc1,7.221848749616356
COc1ccc2c(c1)c(CC(=O)NOCc1ccccc1)c(C)n2C(=O)c1ccc(Cl)cc1,7.301029995663981
COc1ccc2c(c1)c(CC(=O)N[C@@H](C)CO)c(C)n2C(=O)c1ccc(Cl)cc1,6.568636235841013
COc1ccc2c(c1)c(CC(=O)N[C@@H](C)c1ccc(C)cc1)c(C)n2C(=O)c1ccc(Cl)cc1,6.698970004336019
COc1ccc2c(c1)c(CC(=O)N[C@@H](CO)C(C)C)c(C)n2C(=O)c1ccc(Cl)cc1,6.958607314841775
COc1ccc2c(c1)c(CC(=O)N[C@@H](CO)CC(C)C)c(C)n2C(=O)c1ccc(Cl)cc1,6.301029995663981
COc1ccc2c(c1)c(CC(=O)N[C@@H](CO)CCSC)c(C)n2C(=O)c1ccc(Cl)cc1,6.6020599913279625
COc1ccc2c(c1)c(CC(=O)N[C@@H](CO)Cc1ccccc1)c(C)n2C(=O)c1ccc(Cl)cc1,6.657577319177793
COc1ccc2c(c1)c(CC(=O)N[C@@H](CO)c1ccccc1)c(C)n2C(=O)c1ccc(Cl)cc1,6.356547323513812
COc1ccc2c(c1)c(CC(=O)N[C@H](C)CO)c(C)n2C(=O)c1ccc(Cl)cc1,6.769551078621726
COc1ccc2c(c1)c(CC(=O)N[C@H](C)c1ccc(C)cc1)c(C)n2C(=O)c1ccc(Cl)cc1,7.221848749616356
COc1ccc2c(c1)c(CC(=O)N[C@H](CO)C(C)C)c(C)n2C(=O)c1ccc(Cl)cc1,6.431798275933005
COc1ccc2c(c1)c(CC(=O)N[C@H](CO)CC(C)C)c(C)n2C(=O)c1ccc(Cl)cc1,6.769551078621726
COc1ccc2c(c1)c(CC(=O)N[C@H](CO)CCSC)c(C)n2C(=O)c1ccc(Cl)cc1,6.0
COc1ccc2c(c1)c(CC(=O)N[C@H](CO)Cc1ccccc1)c(C)n2C(=O)c1ccc(Cl)cc1,7.070581074285707
COc1ccc2c(c1)c(CC(=O)N[C@H](CO)c1ccccc1)c(C)n2C(=O)c1ccc(Cl)cc1,7.070581074285707
COc1ccc2c(c1)c(CC(=O)Nc1cc(C)c(C(=O)Nc3ccccc3)cc1OC)c(C)n2C(=O)c1ccc(Cl)cc1,6.221848749616356
COc1ccc2c(c1)c(CC(=O)Nc1ccc(-c3ccccc3)cc1)c(C)n2C(=O)c1ccc(Cl)cc1,6.301029995663981
COc1ccc2c(c1)c(CC(=O)Nc1ccc(C(N)=O)cc1)c(C)n2C(=O)c1ccc(Cl)cc1,6.853871964321762
COc1ccc2c(c1)c(CC(=O)Nc1ccc(Cl)cc1)c(C)n2C(=O)c1ccc(Cl)cc1,7.259637310505756
COc1ccc2c(c1)c(CC(=O)Nc1ccc(F)cc1)c(C)n2C(=O)c1ccc(Cl)cc1,7.221848749616356
COc1ccc2c(c1)c(CC(=O)Nc1ccc(NC(C)=O)cc1)c(C)n2C(=O)c1ccc(Cl)cc1,6.920818753952375
COc1ccc2c(c1)c(CC(=O)Nc1ccc(SC)cc1)c(C)n2C(=O)c1ccc(Cl)cc1,6.920818753952375
COc1ccc2c(c1)c(CC(=O)Nc1cccc(SC)c1)c(C)n2C(=O)c1ccc(Cl)cc1,6.657577319177793
COc1ccc2c(c1)c(CC(=O)Nc1cccnc1)c(C)n2C(=O)c1ccc(Cl)cc1,7.2839966563652006
COc1ccc2c(c1)c(CC(=O)Nc1cccnc1Cl)c(C)n2C(=O)c1ccc(Cl)cc1,7.301029995663981
COc1ccc2c(c1)c(CC(=O)Nc1cncc(Cl)c1)c(C)n2C(=O)c1ccc(Cl)cc1,7.327902142064283
COc1ccc2c(c1)c(CC(=O)Nc1cnccn1)c(C)n2C(=O)c1ccc(Cl)cc1,5.3979400086720375
COc1ccc2c(c1)c(CC(=O)Nc1ncc(C)s1)c(C)n2C(=O)c1ccc(Cl)cc1,5.3979400086720375
COc1ccc2c(c1)c(CC(=O)O)c(C)n2C(=O)c1ccc(Cl)cc1,6.301029995663981
COc1ccc2c(c1)c(CC(=O)O)c(C)n2Cc1ccc(Br)cc1,5.6020599913279625
COc1ccc2c(c1)c(CC(=O)OC(C)C)c(C)n2C(=O)c1ccc(Cl)cc1,6.6020599913279625
COc1ccc2c(c1)c(CC(=O)OC1CCCCC1)c(C)n2C(=O)c1ccc(Cl)cc1,6.920818753952375
COc1ccc2c(c1)c(CC(=O)OCCC1CCCCC1)c(C)n2C(=O)c1ccc(Cl)cc1,6.0
COc1ccc2c(c1)c(CC(=O)OCCN1CCOCC1)c(C)n2C(=O)c1ccc(Cl)cc1,6.167491087293763
COc1ccc2c(c1)c(CC(=O)OCCNC(=O)OC(C)(C)C)c(C)n2C(=O)c1ccc(Cl)cc1,7.346787486224656
COc1ccc2c(c1)c(CC(=O)OCCc1ccccc1)c(C)n2C(=O)c1ccc(Cl)cc1,7.3979400086720375
COc1ccc2c(c1)c(CC(=O)Oc1ccc(F)cc1)c(C)n2C(=O)c1ccc(Cl)cc1,7.1249387366083
COc1ccc2c(c1)c(CC(=O)Oc1ccc(NC(C)=O)cc1)c(C)n2C(=O)c1ccc(Cl)cc1,7.301029995663981
COc1ccc2c(c1)c(CC(=O)Oc1ccc(SC)cc1)c(C)n2C(=O)c1ccc(Cl)cc1,6.522878745280337
COc1ccc2c(c1)c(CC(=O)Oc1cccc3ccccc13)c(C)n2C(=O)c1ccc(Cl)cc1,5.301029995663981
COc1ccc2c(c1)c(CC(=O)Oc1ccccc1)c(C)n2C(=O)c1ccc(Cl)cc1,6.3979400086720375
COc1ccc2c(c1)c(CC(=O)Oc1ccccc1SC)c(C)n2C(=O)c1ccc(Cl)cc1,7.221848749616356
COc1ccc2c(c1)c(CC(=O)Oc1cccnc1)c(C)n2C(=O)c1ccc(Cl)cc1,7.301029995663981
COc1ccc2c(c1)c(CC(N)=O)c(C)n2C(=O)c1ccc(Cl)cc1,6.154901959985743
COc1ccc2c(c1)c(Cc1csc(N)n1)c(C)n2C(=O)c1ccc(Cl)cc1,6.4089353929735005
COc1ccc2c(c1)c(Cc1nc(-c3ccc(Br)cc3)cs1)c(C)n2C(=O)c1ccc(Br)cc1,7.522878745280337
COc1ccc2c(c1)c(Cc1nc(-c3ccc(Br)cc3)cs1)c(C)n2C(=O)c1ccc(Cl)cc1,9.522878745280337
COc1ccc2c(c1)c(Cc1nc(-c3ccc(C(=O)O)cc3)cs1)c(C)n2C(=O)c1ccc(Cl)cc1,6.920818753952375
COc1ccc2c(c1)c(Cc1nc(-c3ccc(Cl)cc3)cs1)c(C)n2C(=O)c1ccc(Br)cc1,8.154901959985743
COc1ccc2c(c1)c(Cc1nc(-c3ccc(Cl)cc3)cs1)c(C)n2C(=O)c1ccc(Cl)cc1,7.853871964321762
COc1ccc2c(c1)c(Cc1nc(-c3ccc(F)cc3)cs1)c(C)n2C(=O)c1ccc(Cl)cc1,7.920818753952375
COc1ccc2c(c1)c(Cc1nc(-c3ccc([N+](=O)[O-])cc3)cs1)c(C)n2C(=O)c1ccc(Br)cc1,8.154901959985743
COc1ccc2c(c1)c(Cc1nc(-c3ccc([N+](=O)[O-])cc3)cs1)c(C)n2C(=O)c1ccc(Cl)cc1,7.920818753952375
COc1ccc2c(c1)c(Cc1nc(-c3ccc4ccccc4c3)cs1)c(C)n2C(=O)c1ccc(Cl)cc1,8.154901959985743
COc1ccc2c(c1)c(Cc1nc(-c3cccc(Br)c3)cs1)c(C)n2C(=O)c1ccc(Cl)cc1,8.096910013008056
COc1ccc2c(c1)c(Cc1nc(-c3csc4ccccc34)cs1)c(C)n2C(=O)c1ccc(Cl)cc1,9.0
COc1ccc2cc(-c3ccccc3-c3ccc(S(C)(=O)=O)cc3)ccc2c1,4.522878745280337
COc1ccc2cc([C@H](C)C(=O)O)ccc2c1,4.868383230780255
COc1cccc(-c2c(-c3ccc(S(C)(=O)=O)cc3)sc3ncnn23)c1,6.585026652029182
COc1cccc(-c2nc(C(F)(F)F)cn2-c2ccc(S(C)(=O)=O)cc2)c1,6.457964005399848
COc1ccccc1-c1cc(C(F)(F)F)nn1-c1ccc(S(N)(=O)=O)c(CO)c1,4.543633966870957
COc1ccccc1-c1cc(C(F)(F)F)nn1-c1ccc(S(N)(=O)=O)cc1,6.5376020021010435
COc1ccccc1-c1nc(C(F)(F)F)cn1-c1ccc(S(C)(=O)=O)cc1,5.049999517423265
COc1ccccc1N1CC(c2ccc(S(C)(=O)=O)cc2)=C(c2ccc(F)cc2)C1=O,5.978810700930062
COc1ccncc1C1=C(c2ccc(S(C)(=O)=O)cc2)CCC1=O,6.934833115752497
COc1cncc(-c2nc(C(F)(F)F)cn2-c2ccc(S(C)(=O)=O)cc2)c1,4.424812155072339
COc1nc(-c2cc(C(C)(C)C)c(O)c(C(C)(C)C)c2)ns1,4.0
COc1nnc(-c2cc(C(C)(C)C)c(O)c(C(C)(C)C)c2)s1,5.522878745280337
CS(=O)(=O)Nc1cc2c(cc1Nc1ccc(F)cc1F)C(=O)CC2,6.0
CS(=O)(=O)Nc1cc2c(cc1OC1CCCCC1)C(=O)CC2,7.301029995663981
CS(=O)(=O)Nc1cc2c(cc1Oc1ccc(F)cc1F)C(=O)CC2,7.6777807052660805
CS(=O)(=O)Nc1cc2c(cc1SC1CCCCC1)C(=O)CC2,7.301029995663981
CS(=O)(=O)Nc1cc2c(cc1Sc1c(F)cccc1F)C(=O)CC2,7.0
CS(=O)(=O)Nc1cc2c(cc1Sc1ccc(Br)cc1)C(=O)CC2,8.0
CS(=O)(=O)Nc1cc2c(cc1Sc1ccc(Cl)cc1Cl)C(=O)CC2,8.0
CS(=O)(=O)Nc1cc2c(cc1Sc1ccc(F)cc1)C(=O)CC2,6.0
CS(=O)(=O)Nc1cc2c(cc1Sc1ccc(F)cc1F)C(=O)CC2,7.587937083041725
CS(=O)(=O)Nc1cc2c(cc1Sc1ccccc1F)C(=O)CC2,7.0
CS(=O)(=O)Nc1cc2c(cc1Sc1ccccn1)C(=O)CC2,6.301029995663981
CS(=O)(=O)Nc1cc2c(cc1Sc1cccs1)C(=O)CC2,6.0
CS(=O)(=O)Nc1cc2c(cc1Sc1ccncc1)C(=O)CC2,6.0
CS(=O)(=O)Nc1cc2c(cc1Sc1ncc(Cl)cc1Cl)C(=O)CC2,6.682258126592544
CS(=O)(=O)Nc1cc2c(cc1Sc1ncccc1Cl)C(=O)CC2,6.470786987771497
CS(=O)(=O)Nc1cc2c(cc1Sc1nccs1)C(=O)CC2,6.494850021680094
CS(=O)(=O)Nc1cc2c(cc1Sc1nccs1)C(=O)OC2,6.8916532004151225
CS(=O)(=O)Nc1ccc([N+](=O)[O-])cc1OC1CCCCC1,7.0
CS(=O)(=O)Nc1ccc([N+](=O)[O-])cc1Oc1ccccc1,6.854982694318741
CS(=O)(=O)c1ccc(-c2[nH]c(Br)cc2-c2ccc(F)cc2)cc1,4.3979400086720375
CS(=O)(=O)c1ccc(-c2[nH]c(C#N)cc2-c2ccc(F)cc2)cc1,4.1911141326401875
CS(=O)(=O)c1ccc(-c2[nH]c(C(=O)C(F)(F)F)cc2-c2ccc(F)cc2)cc1,3.525492360883024
CS(=O)(=O)c1ccc(-c2[nH]c(Cl)c(Br)c2-c2ccc(F)cc2)cc1,4.055517327849831
CS(=O)(=O)c1ccc(-c2[nH]c(Cl)c(Cl)c2-c2ccc(F)cc2)cc1,4.161150909262744
CS(=O)(=O)c1ccc(-c2[nH]c(Cl)cc2-c2ccc(F)cc2)cc1,4.376750709602099
CS(=O)(=O)c1ccc(-c2[nH]c(I)cc2-c2ccc(F)cc2)cc1,4.034798298974088
CS(=O)(=O)c1ccc(-c2[nH]c(S(C)(=O)=O)cc2-c2ccc(F)cc2)cc1,4.034798298974088
CS(=O)(=O)c1ccc(-c2[nH]c(SC#N)cc2-c2ccc(F)cc2)cc1,4.142667503568732
CS(=O)(=O)c1ccc(-c2[nH]c([N+](=O)[O-])cc2-c2ccc(F)cc2)cc1,4.200659450546418
CS(=O)(=O)c1ccc(-c2[nH]ccc2-c2ccc(F)cc2)cc1,4.8972233851165585
CS(=O)(=O)c1ccc(-c2c(-c3ccc(Cl)cc3)nc3sc(Cl)c(Cl)n23)cc1,5.443697499232712
CS(=O)(=O)c1ccc(-c2c(-c3ccc(Cl)cc3)nc3sc(Cl)cn23)cc1,7.795880017344075
CS(=O)(=O)c1ccc(-c2c(-c3ccc(F)c(F)c3)nc3sccn23)cc1,6.789198036565084
CS(=O)(=O)c1ccc(-c2c(-c3ccc(F)cc3)nc3sccn23)cc1,7.1259059864969
CS(=O)(=O)c1ccc(-c2c(-c3ccccc3)nc3sccn23)cc1,6.920818753952375
CS(=O)(=O)c1ccc(-c2c(-c3ccccc3)sc3c2CCCC3)cc1,4.721246399047171
CS(=O)(=O)c1ccc(-c2c(-c3ccccc3)sc3ncnn23)cc1,7.494850021680094
CS(=O)(=O)c1ccc(-c2c(-c3ccccc3)sc3nncn23)cc1,6.638272163982407
CS(=O)(=O)c1ccc(-c2c(Br)sc(Br)c2-c2ccc(F)cc2)cc1,6.154901959985743
CS(=O)(=O)c1ccc(-c2cc(/C=C\CC[N+](=O)[O-])nn2C2CCCCC2)cc1,6.301029995663981
CS(=O)(=O)c1ccc(-c2cc(Br)sc2-c2ccc(F)cc2)cc1,8.0
CS(=O)(=O)c1ccc(-c2cc(C(F)(F)F)cnc2-c2cccnc2)cc1,6.395242492728684
CS(=O)(=O)c1ccc(-c2cc(C(F)(F)F)cnc2N2CCCC(CO)C2)cc1,6.096910013008056
CS(=O)(=O)c1ccc(-c2cc(C(F)(F)F)cnc2OC(C(F)(F)F)C(F)(F)F)cc1,6.301029995663981
CS(=O)(=O)c1ccc(-c2cc(C(F)(F)F)cnc2OCC(F)(F)F)cc1,6.301029995663981
CS(=O)(=O)c1ccc(-c2cc(C(F)(F)F)cnc2OCC2(O)CCCC2)cc1,5.853871964321762
CS(=O)(=O)c1ccc(-c2cc(C(F)(F)F)nn2-c2ccc(F)cc2)cc1,5.920818753952375
CS(=O)(=O)c1ccc(-c2cc(CC#N)sc2-c2ccc(F)cc2)cc1,4.309803919971486
CS(=O)(=O)c1ccc(-c2cc(CO[N+](=O)[O-])nn2C2CCCCC2)cc1,6.3979400086720375
CS(=O)(=O)c1ccc(-c2cc(Cl)c(Cl)cc2-c2ccc(F)cc2)cc1,6.619897359061326
CS(=O)(=O)c1ccc(-c2cc(Cl)cnc2-c2ccc(C(=O)O)nc2)cc1,4.6777807052660805
CS(=O)(=O)c1ccc(-c2cc(Cl)cnc2-c2ccc(C3CC3)nc2)cc1,6.770303756120384
CS(=O)(=O)c1ccc(-c2cc(Cl)cnc2-c2ccccn2)cc1,6.202031546865413
CS(=O)(=O)c1ccc(-c2cc(Cl)cnc2-c2cccnc2)cc1,6.75713928675921
CS(=O)(=O)c1ccc(-c2cc(Cl)cnc2-c2ccncc2)cc1,6.075290293101551
CS(=O)(=O)c1ccc(-c2cc(F)c(F)cc2-c2ccc(F)c(Cl)c2)cc1,8.0
CS(=O)(=O)c1ccc(-c2cc(F)c(F)cc2-c2ccc(F)cc2)cc1,7.851864901236602
CS(=O)(=O)c1ccc(-c2cc(F)c(F)cc2-c2ccc3c(c2)OCCO3)cc1,6.469263204944301
CS(=O)(=O)c1ccc(-c2cc(F)c(F)cc2-c2ccc3c(c2)OCO3)cc1,7.920457143142827
CS(=O)(=O)c1ccc(-c2cc(N)ccc2-c2ccccc2)cc1,3.712198270069774
CS(=O)(=O)c1ccc(-c2cc(N)sc2-c2ccc(F)cc2)cc1.Cl,5.522878745280337
CS(=O)(=O)c1ccc(-c2cc(O)ccc2-c2ccccc2)cc1,3.832682665251824
CS(=O)(=O)c1ccc(-c2cc(S(C)(=O)=O)sc2-c2ccc(F)cc2)cc1,3.6989700043360187
CS(=O)(=O)c1ccc(-c2cc(Sc3ccccc3)sc2-c2ccc(F)cc2)cc1,4.180456064458132
CS(=O)(=O)c1ccc(-c2cc([N+](=O)[O-])ccc2-c2ccccc2)cc1,4.42021640338319
CS(=O)(=O)c1ccc(-c2cc([N+](=O)[O-])sc2-c2ccc(F)cc2)cc1,4.853871964321762
CS(=O)(=O)c1ccc(-c2cc3c(cc2-c2ccc(F)cc2)COC3)cc1,7.079981083971085
CS(=O)(=O)c1ccc(-c2cc3c(cc2-c2ccc(F)cc2)OCO3)cc1,7.080921907623926
CS(=O)(=O)c1ccc(-c2cc3c(cc2C(=O)c2cccc(F)c2)OCO3)cc1,6.0
CS(=O)(=O)c1ccc(-c2cc3c(cc2C=C2CCCCC2)OCO3)cc1,7.154901959985743
CS(=O)(=O)c1ccc(-c2cc3c(cc2C=C2CCCCCC2)OCO3)cc1,6.698970004336019
CS(=O)(=O)c1ccc(-c2cc3c(cc2Cc2ccccc2)OCO3)cc1,5.0
CS(=O)(=O)c1ccc(-c2cc3ccccc3cc2-c2ccccc2)cc1,4.3872161432802645
CS(=O)(=O)c1ccc(-c2ccc(N)cc2-c2ccccc2)cc1,3.595166283380062
CS(=O)(=O)c1ccc(-c2ccc([N+](=O)[O-])cc2-c2ccccc2)cc1,4.356547323513812
CS(=O)(=O)c1ccc(-c2ccccc2-c2ccc(Cl)cc2)cc1,6.851941753915143
CS(=O)(=O)c1ccc(-c2ccccc2-c2ccc(F)c(Cl)c2)cc1,6.441847586229672
CS(=O)(=O)c1ccc(-c2ccccc2-c2ccc(F)cc2)cc1,6.5875129697428605
CS(=O)(=O)c1ccc(-c2ccccc2-c2ccc3ccccc3n2)cc1,4.2441251443275085
CS(=O)(=O)c1ccc(-c2ccccc2-c2ccccc2)cc1,4.958607314841775
CS(=O)(=O)c1ccc(-c2ccccc2-c2cccnc2)cc1,4.060480747381382
CS(=O)(=O)c1ccc(-c2ccccc2C2=CCCCC2)cc1,4.481486060122113
CS(=O)(=O)c1ccc(-c2ccccc2C2CCCCC2)cc1,4.508638306165727
CS(=O)(=O)c1ccc(-c2ccccc2N2CCCCC2)cc1,4.853871964321762
CS(=O)(=O)c1ccc(-c2ccccc2Oc2ccccc2)cc1,4.481486060122113
CS(=O)(=O)c1ccc(-c2cccn2-c2ccc(F)cc2)cc1,4.991399828238082
CS(=O)(=O)c1ccc(-c2cccnc2-c2ccccc2)cc1,5.102372908709558
CS(=O)(=O)c1ccc(-c2cccnc2-c2cccnc2)cc1,6.214670164989233
CS(=O)(=O)c1ccc(-c2ccsc2-c2ccc(F)cc2)cc1,5.849485002168009
CS(=O)(=O)c1ccc(-c2ccsc2-c2ccc(O)cc2)cc1,4.0655015487564325
CS(=O)(=O)c1ccc(-c2ccsc2-c2ccccc2)cc1,5.3979400086720375
CS(=O)(=O)c1ccc(-c2cnc(Br)n2-c2ccc(F)cc2)cc1,7.318758762624412
CS(=O)(=O)c1ccc(-c2cnc(C#N)n2-c2ccc(F)cc2)cc1,7.292429823902063
CS(=O)(=O)c1ccc(-c2cnc(C(=O)c3ccccc3)n2-c2ccc(F)cc2)cc1,7.522878745280337
CS(=O)(=O)c1ccc(-c2cnc(Cl)n2-c2ccc(F)cc2)cc1,7.853871964321762
CS(=O)(=O)c1ccc(-c2cnn(-c3ccccc3)c(=O)c2-c2ccccc2)cc1,6.212406077536169
CS(=O)(=O)c1ccc(-c2cnn(C3CC3)c(=O)c2-c2ccc(F)cc2)cc1,6.958607314841775
CS(=O)(=O)c1ccc(-c2cnn(CC(F)(F)F)c(=O)c2-c2ccccc2)cc1,5.629818655252878
CS(=O)(=O)c1ccc(-c2cnn(CC3CC3)c(=O)c2-c2ccc(F)cc2)cc1,6.234260541478872
CS(=O)(=O)c1ccc(-c2cnn(CC3CC3)c(=O)c2-c2ccccc2)cc1,6.520479303839453
CS(=O)(=O)c1ccc(-c2cnn(CC3CCCCC3)c(=O)c2-c2ccc(F)cc2)cc1,6.892578075976151
CS(=O)(=O)c1ccc(-c2cnn(CCC3CC3)c(=O)c2-c2ccc(F)cc2)cc1,6.118286003218531
CS(=O)(=O)c1ccc(-c2cnn(Cc3ccccc3)c(=O)c2-c2ccccc2)cc1,6.784318117920506
CS(=O)(=O)c1ccc(-c2cnn(Cc3ccccc3)c(=O)c2OCC2CC2)cc1,7.483288122256525
CS(=O)(=O)c1ccc(-c2cnn(Cc3ccccc3)c(=O)c2Oc2ccc(Cl)cn2)cc1,6.315392071294928
CS(=O)(=O)c1ccc(-c2cnn(Cc3ccccc3)c(=O)c2Oc2ccc(F)cc2)cc1,7.372363747448347
CS(=O)(=O)c1ccc(-c2cnn(Cc3ccccc3)c(=O)c2Sc2ccccc2)cc1,5.83047313214543
CS(=O)(=O)c1ccc(-c2cnn(Cc3cccnc3)c(=O)c2-c2ccccc2)cc1,5.517399149487044
CS(=O)(=O)c1ccc(-c2cnn(Cc3cccs3)c(=O)c2-c2ccc(F)cc2)cc1,7.301029995663981
CS(=O)(=O)c1ccc(-c2cnn(Cc3nccs3)c(=O)c2-c2ccc(F)cc2)cc1,5.725498368987106
CS(=O)(=O)c1ccc(-c2cnsc2-c2ccc(F)cc2)cc1,5.6777807052660805
CS(=O)(=O)c1ccc(-c2coc(=O)n2-c2ccc(C(F)(F)F)cc2)cc1,5.698985205174921
CS(=O)(=O)c1ccc(-c2coc(=O)n2-c2ccc(Cl)cc2)cc1,6.494924678876612
CS(=O)(=O)c1ccc(-c2coc(=O)n2-c2ccc(F)cc2)cc1,6.292217038739567
CS(=O)(=O)c1ccc(-c2coc(=O)n2-c2ccc(F)cc2F)cc1,5.869833579773784
CS(=O)(=O)c1ccc(-c2coc(=O)n2-c2ccccc2)cc1,5.7959397410477225
CS(=O)(=O)c1ccc(-c2coc(=O)n2-c2ccccc2F)cc1,6.180229165473678
CS(=O)(=O)c1ccc(-c2csc(Br)c2-c2ccc(F)cc2)cc1,7.673393743112328
CS(=O)(=O)c1ccc(-c2cscc2-c2ccc(F)cc2)cc1,6.327902142064283
CS(=O)(=O)c1ccc(-c2cscc2-c2ccccc2)cc1,5.3979400086720375
CS(=O)(=O)c1ccc(-c2nc(-c3ccccc3)sc2-c2ccc(F)cc2)cc1,6.267606240177032
CS(=O)(=O)c1ccc(-c2nc(C(F)(F)F)cn2-c2ccc(F)cc2)cc1,5.232844133917819
CS(=O)(=O)c1ccc(-c2nc(C(F)(F)F)cn2-c2ccc(S(C)(=O)=O)cc2)cc1,5.2420625485173895
CS(=O)(=O)c1ccc(-c2nc(C(F)(F)F)sc2-c2ccc(F)cc2)cc1,8.221848749616356
CS(=O)(=O)c1ccc(-c2nc3sccn3c2-c2ccccc2)cc1,5.493494967595128
CS(=O)(=O)c1ccc(-c2nn(CC(=O)Nc3ccccc3)c(C(F)(F)F)c2-c2ccc(F)cc2)cc1,6.318758762624412
CS(=O)(=O)c1ccc(-c2nn(CCc3ccccc3)c(C(F)(F)F)c2-c2ccc(F)cc2)cc1,7.346787486224656
CS(=O)(=O)c1ccc(-c2nn(CCc3ccccc3)cc2-c2ccc(F)cc2)cc1,6.275724130399211
CS(=O)(=O)c1ccc(-c2nn3cccnc3c2-c2ccc(F)cc2)cc1,5.376647318462008
CS(=O)(=O)c1ccc(-c2noc(C(F)(F)F)c2-c2ccccc2)cc1,6.0
CS(=O)(=O)c1ccc(-c2oc3ccccc3c2-c2ccc(F)cc2)cc1,7.698970004336019
CS(=O)(=O)c1ccc(-c2sc(-c3ccc(Cl)cc3)nc2-c2ccc(F)cc2)cc1,7.301029995663981
CS(=O)(=O)c1ccc(-c2sc(-c3ccccc3Cl)nc2-c2ccc(F)cc2)cc1,7.301029995663981
CS(=O)(=O)c1ccc(-c2sc(-c3ccccc3Cl)nc2-c2ccc(F)cc2F)cc1,7.6777807052660805
CS(=O)(=O)c1ccc(-c2sc(-c3ccccc3Cl)nc2-c2cccc(F)c2)cc1,7.795880017344075
CS(=O)(=O)c1ccc(-c2sc(-c3ccccc3Cl)nc2-c2ccccc2)cc1,8.0
CS(=O)(=O)c1ccc(-c2sc(-c3ccccc3Cl)nc2-c2ccccc2F)cc1,8.0
CS(=O)(=O)c1ccc(-c2sc(-c3ccccc3Cl)nc2-c2cccs2)cc1,7.2441251443275085
CS(=O)(=O)c1ccc(-c2sc(-c3ccccc3Cl)nc2-c2ccsc2)cc1,7.102372908709558
CS(=O)(=O)c1ccc(-c2sc(-c3cccnc3)nc2-c2ccc(F)cc2)cc1,6.366531544420414
CS(=O)(=O)c1ccc(-c2sc(-c3cccs3)nc2-c2ccc(F)cc2)cc1,7.6777807052660805
CS(=O)(=O)c1ccc(-c2sc(-c3ccncc3)nc2-c2ccc(F)cc2)cc1,5.795880017344075
CS(=O)(=O)c1ccc(-c2sc(Br)cc2-c2ccc(F)cc2)cc1,7.698970004336019
CS(=O)(=O)c1ccc(-c2sc(C(F)(F)F)nc2-c2ccc(F)cc2)cc1,7.638272163982407
CS(=O)(=O)c1ccc(-c2sc(CC#N)nc2-c2ccc(F)cc2)cc1,6.455931955649724
CS(=O)(=O)c1ccc(-c2sc(CCCc3ccc(Br)cc3)nc2-c2ccc(F)cc2)cc1,8.154901959985743
CS(=O)(=O)c1ccc(-c2sc(CCCc3ccccc3)nc2-c2ccc(F)cc2)cc1,6.2839966563652006
CS(=O)(=O)c1ccc(-c2sc(CCc3ccccc3)nc2-c2ccc(F)cc2)cc1,7.494850021680094
CS(=O)(=O)c1ccc(-c2sc(Cc3ccccc3)nc2-c2ccc(F)cc2)cc1,7.7447274948966935
CS(=O)(=O)c1ccc(-c2sc3nc(C(F)(F)F)nn3c2-c2cccc(F)c2)cc1,7.886056647693163
CS(=O)(=O)c1ccc(-c2sc3nc(C(F)(F)F)nn3c2-c2ccccc2)cc1,8.522878745280337
CS(=O)(=O)c1ccc(-c2sc3ncnn3c2-c2cc(F)cc(F)c2)cc1,7.096910013008056
CS(=O)(=O)c1ccc(-c2sc3ncnn3c2-c2ccc(F)c(F)c2)cc1,7.318758762624412
CS(=O)(=O)c1ccc(-c2sc3ncnn3c2-c2ccc(F)cc2)cc1,7.443697499232712
CS(=O)(=O)c1ccc(-c2sc3ncnn3c2-c2cccc(F)c2)cc1,6.517164014389946
CS(=O)(=O)c1ccc(-c2sc3ncnn3c2-c2ccccc2)cc1,6.8191360819912035
CS(=O)(=O)c1ccc(-c2sc3nncn3c2-c2ccccc2)cc1,6.346787486224656
CS(=O)(=O)c1ccc(-c2sccc2-c2ccc(F)cc2)cc1,5.366531544420414
CS(=O)(=O)c1ccc(-c2sncc2-c2ccc(F)cc2)cc1,5.292429823902063
CS(=O)(=O)c1ccc(-c2snnc2-c2ccc(F)cc2)cc1,5.187086643357144
CS(=O)(=O)c1ccc(-n2cc(-c3ccccc3)nc2-c2ccc(Cl)cc2)cc1,6.619897359061326
CS(=O)(=O)c1ccc(-n2cc(C#N)nc2-c2ccc(Cl)cc2)cc1,6.639133015876654
CS(=O)(=O)c1ccc(-n2cc(C#N)nc2-c2cccnc2)cc1,4.61261017366127
CS(=O)(=O)c1ccc(-n2cc(C(F)(F)F)nc2-c2cc(Br)cs2)cc1,7.587546764348944
CS(=O)(=O)c1ccc(-n2cc(C(F)(F)F)nc2-c2cc(Cl)cc(Cl)c2)cc1,6.7697811210384575
CS(=O)(=O)c1ccc(-n2cc(C(F)(F)F)nc2-c2cc3ccccc3cn2)cc1,5.920410177937011
CS(=O)(=O)c1ccc(-n2cc(C(F)(F)F)nc2-c2ccc(Cl)cc2)cc1,6.959299339414116
CS(=O)(=O)c1ccc(-n2cc(C(F)(F)F)nc2-c2ccc(F)c(F)c2)cc1,6.920402953422224
CS(=O)(=O)c1ccc(-n2cc(C(F)(F)F)nc2-c2ccc(F)cc2)cc1,7.0
CS(=O)(=O)c1ccc(-n2cc(C(F)(F)F)nc2-c2ccc3c(c2)OCO3)cc1,6.661196523639753
CS(=O)(=O)c1ccc(-n2cc(C(F)(F)F)nc2-c2cccc(Br)c2)cc1,7.098462725229332
CS(=O)(=O)c1ccc(-n2cc(C(F)(F)F)nc2-c2cccc(C(F)(F)F)c2)cc1,6.678889950500676
CS(=O)(=O)c1ccc(-n2cc(C(F)(F)F)nc2-c2cccc(Cl)c2)cc1,7.220909811139508
CS(=O)(=O)c1ccc(-n2cc(C(F)(F)F)nc2-c2cccc(F)c2)cc1,6.920402953422224
CS(=O)(=O)c1ccc(-n2cc(C(F)(F)F)nc2-c2cccc(N)c2)cc1,5.229942225512337
CS(=O)(=O)c1ccc(-n2cc(C(F)(F)F)nc2-c2cccc([N+](=O)[O-])c2)cc1,6.238285979572167
CS(=O)(=O)c1ccc(-n2cc(C(F)(F)F)nc2-c2cccc3c2OCO3)cc1,6.328948815373957
CS(=O)(=O)c1ccc(-n2cc(C(F)(F)F)nc2-c2ccccc2)cc1,6.919987152892072
CS(=O)(=O)c1ccc(-n2cc(C(F)(F)F)nc2-c2ccccc2Cl)cc1,6.047878973850376
CS(=O)(=O)c1ccc(-n2cc(C(F)(F)F)nc2-c2ccccc2F)cc1,6.3989684610221484
CS(=O)(=O)c1ccc(-n2cc(C(F)(F)F)nc2-c2ccccn2)cc1,5.821954549582578
CS(=O)(=O)c1ccc(-n2cc(C(F)(F)F)nc2-c2cccnc2)cc1,5.771057114718517
CS(=O)(=O)c1ccc(-n2cc(C(F)(F)F)nc2-c2cccs2)cc1,6.328948815373957
CS(=O)(=O)c1ccc(-n2cc(C(F)(F)F)nc2-c2ccsc2)cc1,4.292429823902063
CS(=O)(=O)c1ccc(-n2cc(C(F)(F)F)nc2-c2cnc3ccccc3c2)cc1,6.2003288113642245
CS(=O)(=O)c1ccc(-n2cc(C(F)(F)F)nc2-c2cncc(Br)c2)cc1,6.021138785368707
CS(=O)(=O)c1ccc(-n2cc(C(F)(F)F)nc2-c2nccc3ccccc23)cc1,5.769776006336217
CS(=O)(=O)c1ccc(-n2cc(C(F)F)nc2-c2ccc(Cl)cc2)cc1,6.212333322299372
CS(=O)(=O)c1ccc(-n2cc(C(F)F)nc2-c2cccnc2)cc1,4.684029654543083
CS(=O)(=O)c1ccc(-n2cc(C=O)nc2-c2ccc(Cl)cc2)cc1,5.797940446073639
CS(=O)(=O)c1ccc(-n2cc(CC#N)nc2-c2ccc(Cl)cc2)cc1,5.8112391655469375
CS(=O)(=O)c1ccc(-n2cc(CF)nc2-c2ccc(Cl)cc2)cc1,6.388608219719017
CS(=O)(=O)c1ccc(-n2cc(CO)nc2-c2ccc(Cl)cc2)cc1,5.079156702500347
CS(=O)(=O)c1ccc(-n2cc(CO)nc2-c2cccnc2)cc1,3.0296531237699065
CS(=O)(=O)c1ccc(-n2cc(COc3ccc(Cl)cc3)nc2-c2ccc(Cl)cc2)cc1,7.522878745280337
CS(=O)(=O)c1ccc(-n2cc(CSc3ccc(Cl)cc3)nc2-c2ccc(Cl)cc2)cc1,7.301029995663981
CS(=O)(=O)c1ccc(-n2cccc2-c2ccc(F)cc2)cc1,6.291215497938437
CS(=O)(=O)c1ccc(-n2cnc(Br)c2-c2ccc(F)cc2)cc1,7.443697499232712
CS(=O)(=O)c1ccc(-n2cnc(Cl)c2-c2cc(F)cc(F)c2)cc1,7.1249387366083
CS(=O)(=O)c1ccc(-n2cnc(Cl)c2-c2ccc(Cl)cc2)cc1,7.7447274948966935
CS(=O)(=O)c1ccc(-n2cnc(Cl)c2-c2ccc(F)cc2)cc1,7.853871964321762
CS(=O)(=O)c1ccc(-n2cnc(Cl)c2-c2ccc(F)cc2F)cc1,8.154901959985743
CS(=O)(=O)c1ccc(-n2cnc(Cl)c2-c2ccc(N)cc2)cc1,6.728158393463501
CS(=O)(=O)c1ccc(-n2cnc(Cl)c2-c2ccc(OC(F)(F)F)cc2)cc1,5.0
CS(=O)(=O)c1ccc(-n2cnc(Cl)c2-c2ccc3c(c2)CCO3)cc1,8.045757490560675
CS(=O)(=O)c1ccc(-n2cnc(Cl)c2-c2ccc3c(c2)OCO3)cc1,8.221848749616356
CS(=O)(=O)c1ccc(-n2cnc(Cl)c2-c2cccc(Cl)c2Cl)cc1,8.221848749616356
CS(=O)(=O)c1ccc(-n2cnc(Cl)c2-c2cccc(F)c2)cc1,7.187086643357144
CS(=O)(=O)c1ccc(-n2cnc(Cl)c2-c2ccccc2)cc1,6.910094888560602
CS(=O)(=O)c1ccc(-n2cnc(Cl)c2-c2ccccc2F)cc1,7.552841968657781
CS(=O)(=O)c1ccc(-n2cnc(Cl)c2-c2ccncc2)cc1,5.0
CS(=O)(=O)c1ccc(-n2cnc(Cl)c2-c2cnccc2Cl)cc1,7.366531544420414
CS(=O)(=O)c1ccc(-n2nc(C(F)(F)F)cc2-c2ccc(F)cc2)cc1,7.0
CS(=O)(=O)c1ccc(-n2nc(CO)cc2-c2ccccc2)cc1,5.0
CS(=O)(=O)c1ccc(C2=C(/C=C/c3ccc(F)cc3)C(=O)CC2)cc1,6.528995973488843
CS(=O)(=O)c1ccc(C2=C(C#Cc3ccccc3)C(=O)CC2)cc1,7.207834387816234
CS(=O)(=O)c1ccc(C2=C(Oc3cc(F)cc(F)c3)C(=O)CC2)cc1,6.86407919673175
CS(=O)(=O)c1ccc(C2=C(Oc3ccccc3)C(=O)CC2)cc1,6.98369061957464
CS(=O)(=O)c1ccc(C2=C(c3cc(Br)ccn3)C(=O)CC2)cc1,6.26428079630535
CS(=O)(=O)c1ccc(C2=C(c3cc(Cl)c(Cl)c(Cl)c3)C(=O)CC2)cc1,7.126682900531211
CS(=O)(=O)c1ccc(C2=C(c3cc(Cl)cc(Cl)c3)C(=O)CC2)cc1,7.203356966489771
CS(=O)(=O)c1ccc(C2=C(c3cc(Cl)ccn3)C(=O)CC2)cc1,6.502621527706186
CS(=O)(=O)c1ccc(C2=C(c3cc(F)cc(F)c3)C(=O)CC2)cc1,7.015758525723033
CS(=O)(=O)c1ccc(C2=C(c3cc4ccccc4s3)C(=O)CC2)cc1,7.475390988664909
CS(=O)(=O)c1ccc(C2=C(c3ccc(C#N)cc3)CCC2)cc1,4.108462542327436
CS(=O)(=O)c1ccc(C2=C(c3ccc(C(F)(F)F)c(F)c3)CCC2)cc1,6.11959250969872
CS(=O)(=O)c1ccc(C2=C(c3ccc(C(F)(F)F)cc3)CC3(CC3)C2)cc1,8.698970004336019
CS(=O)(=O)c1ccc(C2=C(c3ccc(C(F)(F)F)cc3)CCC2)cc1,6.060480747381382
CS(=O)(=O)c1ccc(C2=C(c3ccc(CO)cc3)CCC2)cc1,5.492424780623096
CS(=O)(=O)c1ccc(C2=C(c3ccc(Cl)c(Cl)c3)CC3(CC3)C2)cc1,8.521435901161594
CS(=O)(=O)c1ccc(C2=C(c3ccc(Cl)c(Cl)c3)CCC2)cc1,8.0
CS(=O)(=O)c1ccc(C2=C(c3ccc(Cl)c(F)c3)C(=O)CC2)cc1,7.323908740944319
CS(=O)(=O)c1ccc(C2=C(c3ccc(Cl)cc3)CC3(CC3)C2)cc1,9.0
CS(=O)(=O)c1ccc(C2=C(c3ccc(Cl)cc3)CCC2)cc1,8.522878745280337
CS(=O)(=O)c1ccc(C2=C(c3ccc(Cl)cc3Cl)CC3(CC3)C2)cc1,7.480763439685022
CS(=O)(=O)c1ccc(C2=C(c3ccc(Cl)cc3Cl)CCC2)cc1,7.277865152015803
CS(=O)(=O)c1ccc(C2=C(c3ccc(F)c(Cl)c3)C(=O)CC2)cc1,7.545757490560675
CS(=O)(=O)c1ccc(C2=C(c3ccc(F)c(Cl)c3)CC3(CC3)C2)cc1,8.152465023828446
CS(=O)(=O)c1ccc(C2=C(c3ccc(F)c(Cl)c3)CCC2)cc1,7.521435901161594
CS(=O)(=O)c1ccc(C2=C(c3ccc(F)c(F)c3)C(=O)CC2)cc1,7.265826334793921
CS(=O)(=O)c1ccc(C2=C(c3ccc(F)c(F)c3)C(=O)N(c3ccccc3)C2)cc1,6.0
CS(=O)(=O)c1ccc(C2=C(c3ccc(F)c(F)c3)C(=O)OC2)cc1,6.47851546330341
CS(=O)(=O)c1ccc(C2=C(c3ccc(F)c(F)c3)CC3(CC3)C2)cc1,8.480763439685022
CS(=O)(=O)c1ccc(C2=C(c3ccc(F)c(F)c3)CCC2)cc1,7.291198562418154
CS(=O)(=O)c1ccc(C2=C(c3ccc(F)cc3)C(=O)CC2)cc1,7.409078206027614
CS(=O)(=O)c1ccc(C2=C(c3ccc(F)cc3)C(=O)N(c3ccc(C(F)(F)F)cc3)C2)cc1,6.022276394711152
CS(=O)(=O)c1ccc(C2=C(c3ccc(F)cc3)C(=O)N(c3ccccc3)C2)cc1,6.508638306165727
CS(=O)(=O)c1ccc(C2=C(c3ccc(F)cc3)C(=O)N(c3ccccc3F)C2)cc1,6.494850021680094
CS(=O)(=O)c1ccc(C2=C(c3ccc(F)cc3)C(=O)OC2)cc1,7.110924374808178
CS(=O)(=O)c1ccc(C2=C(c3ccc(F)cc3)C3CCC2C3)cc1,4.522878745280337
CS(=O)(=O)c1ccc(C2=C(c3ccc(F)cc3)CC(C(F)(F)F)(C(F)(F)F)C2)cc1,7.171957130681528
CS(=O)(=O)c1ccc(C2=C(c3ccc(F)cc3)CC(CF)(CF)C2)cc1,7.291198562418154
CS(=O)(=O)c1ccc(C2=C(c3ccc(F)cc3)CC3(CC3)C2)cc1,8.108448587320641
CS(=O)(=O)c1ccc(C2=C(c3ccc(F)cc3)CC3(CCC3)C2)cc1,8.397940008672037
CS(=O)(=O)c1ccc(C2=C(c3ccc(F)cc3)CC3(CCCC3)C2)cc1,7.2076083105017466
CS(=O)(=O)c1ccc(C2=C(c3ccc(F)cc3)CCC2)cc1,7.585026652029182
CS(=O)(=O)c1ccc(C2=C(c3ccc(F)cc3)c3ccccc3C2)cc1,7.958607314841775
CS(=O)(=O)c1ccc(C2=C(c3ccc(F)cc3F)CC3(CC3)C2)cc1,7.6587650007581995
CS(=O)(=O)c1ccc(C2=C(c3ccc(O)cc3)C(=O)OC2)cc1,5.318758762624412
CS(=O)(=O)c1ccc(C2=C(c3ccc(OC(F)(F)F)cc3)CC3(CC3)C2)cc1,6.869827140916545
CS(=O)(=O)c1ccc(C2=C(c3ccc4c(c3)OCO4)CC3(CC3)C2)cc1,8.601020178131403
CS(=O)(=O)c1ccc(C2=C(c3ccc4c(c3)OCO4)CCC2)cc1,7.678921132642886
CS(=O)(=O)c1ccc(C2=C(c3cccc(F)c3)C(=O)CC2)cc1,7.161196523639753
CS(=O)(=O)c1ccc(C2=C(c3cccc(F)c3)C(=O)OC2)cc1,6.721848749616356
CS(=O)(=O)c1ccc(C2=C(c3cccc(O)c3)C(=O)OC2)cc1,5.402304814074488
CS(=O)(=O)c1ccc(C2=C(c3ccccc3)C(=O)C2)cc1,6.958607314841775
CS(=O)(=O)c1ccc(C2=C(c3ccccc3)C(=O)C23CCCC3)cc1,7.920818753952375
CS(=O)(=O)c1ccc(C2=C(c3ccccc3)C(=O)CC2)cc1,7.339926856944473
CS(=O)(=O)c1ccc(C2=C(c3ccccc3)C(=O)N(c3ccc(C(F)(F)F)cc3)C2)cc1,6.008773924307505
CS(=O)(=O)c1ccc(C2=C(c3ccccc3)C(=O)N(c3ccc(F)cc3)C2)cc1,6.455931955649724
CS(=O)(=O)c1ccc(C2=C(c3ccccc3)C(=O)N(c3cccc(Cl)c3)C2)cc1,6.0
CS(=O)(=O)c1ccc(C2=C(c3ccccc3)C(=O)N(c3ccccc3)C2)cc1,6.552841968657781
CS(=O)(=O)c1ccc(C2=C(c3ccccc3)C(=O)N(c3ccccc3F)C2)cc1,6.045757490560675
CS(=O)(=O)c1ccc(C2=C(c3ccccc3)C(=O)OC2)cc1,6.468521082957745
CS(=O)(=O)c1ccc(C2=C(c3ccccc3)C(=O)OC2O)cc1,5.060480747381382
CS(=O)(=O)c1ccc(C2=C(c3ccccc3)CCC2)cc1,5.647817481888637
CS(=O)(=O)c1ccc(C2=C(c3ccccc3O)C(=O)OC2)cc1,5.737074530668169
CS(=O)(=O)c1ccc(C2=C(c3ccccn3)C(=O)CC2)cc1,5.412041246744954
CS(=O)(=O)c1ccc(C2=C(c3cccnc3)C(=O)CC2)cc1,6.481685552318919
CS(=O)(=O)c1ccc(C2=C(c3cncc(Br)c3)C(=O)CC2)cc1,6.146214911951032
CS(=O)(=O)c1ccc(C2=C(c3cncc(Cl)c3)C(=O)CC2)cc1,6.44219474416285
CS(=O)(=O)c1ccc(C2=C3c4ccccc4CCC3OC2=O)cc1,6.250263684430939
CS(=O)(=O)c1ccc(C2=CC3(C=C2c2ccc(F)cc2)CC3)cc1,8.087546764348943
CS(=O)(=O)c1cnn(-c2ccc(S(N)(=O)=O)cc2)c1-c1ccc(Cl)cc1,4.703334809738469
CSC1=NC(=O)/C(=C/c2cc(C(C)(C)C)c(O)c(C(C)(C)C)c2)S1,5.7447274948966935
CSCc1cn(-c2ccc(S(C)(=O)=O)cc2)c(-c2ccc(Cl)cc2)n1,6.492427464833348
CSc1cc(-c2ccc(F)cc2)c(-c2ccc(S(C)(=O)=O)cc2)[nH]1,4.462180904926726
CSc1ccc(-c2c(-c3ccccc3)nc3sccn23)cc1,6.376750709602099
CSc1ccc(-c2c(Cl)ncn2-c2ccc(S(C)(=O)=O)cc2)cc1,7.958607314841775
CSc1ccc(-c2cc(C(F)(F)F)nn2-c2ccc(S(N)(=O)=O)c(CO)c2)cc1,6.628932137728263
CSc1ccc(-c2cc(C(F)(F)F)nn2-c2ccc(S(N)(=O)=O)cc2)cc1,8.045757490560675
CSc1ccc(-c2cc(C(F)(F)F)nn2-c2ccc(S(N)(=O)=O)cc2)cc1C,8.431798275933005
CSc1ccc(-c2cc(C(F)(F)F)nn2-c2ccc(S(N)(=O)=O)cc2F)cc1,7.468521082957745
CSc1ccc(-c2cscc2-c2ccc(S(C)(=O)=O)cc2)cc1,5.221848749616356
CSc1ccc(-c2cscc2-c2ccc(SC)cc2)cc1,3.9956786262173574
CSc1ccc(-c2nc(C(F)(F)F)cn2-c2ccc(S(C)(=O)=O)cc2)cc1,6.797939075968737
CSc1ccc(-c2nc(C(F)(F)F)cn2-c2ccc(S(C)(=O)=O)cc2)cc1Cl,7.3979400086720375
CSc1ccc(-c2nc(C(F)(F)F)cn2-c2ccc(S(N)(=O)=O)cc2)cc1Cl,8.0
CSc1ccc(-c2nc3sccn3c2-c2ccccc2)cc1,5.301029995663981
CSc1ccc(C2=C(c3ccc(S(C)(=O)=O)cc3)C(C)(O)OC2=O)cc1,6.139094692393726
CSc1ccc(C2=C(c3ccc(S(C)(=O)=O)cc3)CCC2)cc1,6.657800054159107
CSc1ccc(C2=C3c4cc(C)ccc4CCC3(O)OC2=O)cc1,6.173925197299173
CSc1ccc(C2=C3c4cc(C)ccc4CCC3OC2=O)cc1,6.012780770091995
CSc1ccc(C2=C3c4ccccc4CCC3(O)OC2=O)cc1,6.070581074285707
CSc1ccc(C2=C3c4ccccc4CCC3OC2=O)cc1,6.082494490447453
CSc1ccc(Oc2cc3c(cc2NS(C)(=O)=O)CCC3=O)cc1,7.0
CSc1cccc(-c2nc(C(F)(F)F)cn2-c2ccc(S(C)(=O)=O)cc2)c1,6.457964005399848
CSc1ccccc1OC(=O)C(F)(F)F,3.585026652029182
CSc1ccccc1OC(=O)CBr,3.2924298239020637
CSc1ccccc1OC(=O)CCl,3.4436974992327127
CSc1ccccc1OC(C)=O,3.6020599913279625
CSc1csc(Sc2cc3c(cc2NS(C)(=O)=O)COC3=O)n1,5.748104658471409
CSc1nnc(-c2cc(C(C)(C)C)c(O)c(C(C)(C)C)c2)o1,5.3872161432802645
CSc1nnc(-c2cc(C(C)(C)C)c(O)c(C(C)(C)C)c2)s1,6.823908740944319
CSc1nnc(-c2nc(C(C)(C)C)c(O)c(C(C)(C)C)n2)s1,5.853871964321762
C[C@@H]1C[C@H]1Cn1ncc(-c2ccc(S(C)(=O)=O)cc2)c(-c2ccc(F)cc2)c1=O,6.495699914119041
C[C@H](C(=O)O)c1ccc(C[C@@H]2CCC[C@H]2O)cc1,5.698970004336019
C[C@H](C(=O)O)c1ccc(C[C@H]2CCC[C@@H]2O)cc1,6.465907069126919
C[C@H](C(=O)O)c1cccc(C(=O)c2ccccc2)c1,7.568636235841013
C[C@H](CO)Sc1ncc(C(F)(F)F)cc1-c1ccc(S(C)(=O)=O)cc1,6.853871964321762
C[C@H](Oc1ncc(C(F)(F)F)cc1-c1ccc(S(C)(=O)=O)cc1)C(C)(C)O,6.337242168318426
C[C@H]1C(Cn2ncc(-c3ccc(S(C)(=O)=O)cc3)c(-c3ccc(F)cc3)c2=O)[C@@H]1C,6.727965977824862
C[C@H]1C[C@@H]1Cn1ncc(-c2ccc(S(C)(=O)=O)cc2)c(-c2ccc(F)cc2)c1=O,6.872363747448347
C[C@H]1C[C@H]1Cn1ncc(-c2ccc(S(C)(=O)=O)cc2)c(-c2ccc(F)cc2)c1=O,6.4604093769761874
C[C@]1(O)CCC[C@H]1Oc1ncc(C(F)(F)F)cc1-c1ccc(S(C)(=O)=O)cc1,5.853871964321762
C[S+]([O-])c1ccc(C(Nc2cccnc2)C(=O)c2ccc(F)cc2)cc1,6.301029995663981
C[S+]([O-])c1ccc(C(Nc2nccs2)C(=O)c2ccc(F)cc2)cc1,5.6777807052660805
C[Se](=O)(=O)c1ccc(-c2ccsc2-c2ccc(F)cc2)cc1,6.259637310505756
Cc1c(Br)cc(-c2ccc(S(C)(=O)=O)cc2)n1-c1ccc(F)cc1,7.699513552156626
Cc1c(C#N)cc(-c2ccc(S(C)(=O)=O)cc2)n1-c1ccc(F)cc1,6.122468674143265
Cc1c(C(=O)C(F)(F)F)cc(-c2ccc(S(C)(=O)=O)cc2)n1-c1ccc(F)cc1,6.920402953422224
Cc1c(C(=O)c2ccccc2)cc(-c2ccc(S(C)(=O)=O)cc2)n1-c1ccc(F)cc1,5.990700549095011
Cc1c(C(F)(F)F)nn(-c2ccc(S(N)(=O)=O)cc2)c1-c1ccc(Cl)cc1,7.657577319177793
Cc1c(C(O)C(F)(F)F)cc(-c2ccc(S(C)(=O)=O)cc2)n1-c1ccc(F)cc1,5.840818719511725
Cc1c(C=O)cc(-c2ccc(S(C)(=O)=O)cc2)n1-c1ccc(F)cc1,5.490398508617497
Cc1c(CC(F)(F)F)cc(-c2ccc(S(C)(=O)=O)cc2)n1-c1ccc(F)cc1,6.851941753915143
Cc1c(CN(C)C)cc(-c2ccc(S(C)(=O)=O)cc2)n1-c1ccc(F)cc1,4.0
Cc1c(CO)cc(-c2ccc(S(C)(=O)=O)cc2)n1-c1ccc(F)cc1,5.410584218132101
Cc1c(COc2ccc(Cl)cc2)cc(-c2ccc(S(C)(=O)=O)cc2)n1-c1ccc(F)cc1,7.522878745280337
Cc1c(COc2cccc(Cl)c2)cc(-c2ccc(S(C)(=O)=O)cc2)n1-c1ccc(F)cc1,7.096910013008056
Cc1c(Cl)cc(-c2ccc(S(C)(=O)=O)cc2)n1-c1ccc(F)cc1,7.300509466670935
Cc1c(S(=O)(=O)C(F)(F)F)cc(-c2ccc(S(C)(=O)=O)cc2)n1-c1ccc(F)cc1,7.221848749616356
Cc1cc(-c2c(Cl)ncn2-c2ccc(S(C)(=O)=O)cc2)ccc1Cl,7.958607314841775
Cc1cc(-c2cc(C(F)(F)F)nn2-c2ccc(S(N)(=O)=O)cc2)cc2c1OCO2,7.282001414998798
Cc1cc(-c2cc(F)c(F)cc2-c2ccc(S(C)(=O)=O)cc2)ccc1Cl,8.22090981113951
Cc1cc(-c2cc(F)c(F)cc2-c2ccc(S(C)(=O)=O)cc2)ccc1F,8.300509466670935
Cc1cc(-c2cc(F)c(F)cc2-c2ccc(S(N)(=O)=O)cc2)ccc1Cl,8.521435901161594
Cc1cc(-c2cc(F)c(F)cc2-c2ccc(S(N)(=O)=O)cc2)ccc1F,8.699513552156626
Cc1cc(-c2ccc(S(C)(=O)=O)cc2)c(-c2ccc(F)cc2)s1,5.0
Cc1cc(-c2ccccc2)n(-c2ccc(S(N)(=O)=O)cc2)n1,4.2020403562628035
Cc1cc(-c2nc(C(F)(F)F)cn2-c2ccc(S(C)(=O)=O)cc2)ccc1Cl,7.047866792018674
Cc1cc(-c2nc(C(F)(F)F)cn2-c2ccc(S(C)(=O)=O)cc2)ccc1F,6.7697811210384575
Cc1cc(-c2nc(C(F)(F)F)cn2-c2ccc(S(N)(=O)=O)cc2)no1,6.388608219719017
Cc1cc(=O)c(-c2ccc(Br)cc2)c(-c2ccc(S(C)(=O)=O)cc2)o1,5.761953896871205
Cc1cc(=O)c(-c2ccc(C(F)(F)F)cc2)c(-c2ccc(S(C)(=O)=O)cc2)o1,5.1598939055432425
Cc1cc(=O)c(-c2ccc(Cl)c(Cl)c2)c(-c2ccc(S(C)(=O)=O)cc2)o1,6.167491087293763
Cc1cc(=O)c(-c2ccc(Cl)cc2)c(-c2ccc(S(C)(=O)=O)cc2)o1,5.667561540084395
Cc1cc(=O)c(-c2ccc(Cl)cc2F)c(-c2ccc(S(C)(=O)=O)cc2)o1,5.688246138944246
Cc1cc(=O)c(-c2ccc(F)cc2)c(-c2ccc(S(C)(=O)=O)cc2)o1,5.97061622231479
Cc1cc(=O)c(-c2ccc(F)cc2F)c(-c2ccc(S(C)(=O)=O)cc2)o1,5.950781977329818
Cc1cc(=O)c(-c2ccc(S(C)(=O)=O)cc2)c(-c2ccc(F)cc2)o1,5.0101054362812265
Cc1cc(=O)c(-c2ccc3ccccc3c2)c(-c2ccc(S(C)(=O)=O)cc2)o1,5.586700235918748
Cc1cc(=O)c(-c2cccc(F)c2)c(-c2ccc(S(C)(=O)=O)cc2)o1,5.4723700991286615
Cc1cc(=O)c(-c2ccccc2)c(-c2ccc(S(C)(=O)=O)cc2)o1,5.735182176990463
Cc1cc(=O)c(-c2ccccc2)c(-c2ccc(S(N)(=O)=O)cc2)o1,5.161780778092374
Cc1cc(=O)c(-c2ccccc2F)c(-c2ccc(S(C)(=O)=O)cc2)o1,5.815308569182402
Cc1cc(=O)c(C(C)C)c(-c2ccc(S(C)(=O)=O)cc2)o1,5.183758700008217
Cc1cc(=O)c(C2CCCCC2)c(-c2ccc(S(C)(=O)=O)cc2)o1,5.8326826652518236
Cc1cc(=O)c(Cc2ccccc2)c(-c2ccc(S(C)(=O)=O)cc2)o1,5.1938200260161125
Cc1cc(=O)c(Oc2ccc(Br)cc2)c(-c2ccc(S(C)(=O)=O)cc2)o1,6.443697499232712
Cc1cc(=O)c(Oc2ccc(Br)cc2Cl)c(-c2ccc(S(C)(=O)=O)cc2)o1,6.508638306165727
Cc1cc(=O)c(Oc2ccc(Br)cc2F)c(-c2ccc(S(C)(=O)=O)cc2)o1,6.823908740944319
Cc1cc(=O)c(Oc2ccc(C(=O)O)cc2)c(-c2ccc(S(C)(=O)=O)cc2)o1,5.0
Cc1cc(=O)c(Oc2ccc(C(F)(F)F)cc2)c(-c2ccc(S(C)(=O)=O)cc2)o1,5.610833915635467
Cc1cc(=O)c(Oc2ccc(Cl)c(Cl)c2)c(-c2ccc(S(C)(=O)=O)cc2)o1,5.471083299722345
Cc1cc(=O)c(Oc2ccc(Cl)cc2)c(-c2ccc(S(C)(=O)=O)cc2)o1,6.494850021680094
Cc1cc(=O)c(Oc2ccc(Cl)cc2C)c(-c2ccc(S(C)(=O)=O)cc2)o1,6.721246399047171
Cc1cc(=O)c(Oc2ccc(Cl)cc2F)c(-c2ccc(S(C)(=O)=O)cc2)o1,6.698970004336019
Cc1cc(=O)c(Oc2ccc(F)c(F)c2)c(-c2ccc(S(C)(=O)=O)cc2)o1,5.3535962737769305
Cc1cc(=O)c(Oc2ccc(F)cc2)c(-c2ccc(S(C)(=O)=O)cc2)o1,6.008773924307505
Cc1cc(=O)c(Oc2ccc(F)cc2C)c(-c2ccc(S(C)(=O)=O)cc2)o1,6.7447274948966935
Cc1cc(=O)c(Oc2ccc(F)cc2F)c(-c2ccc(S(C)(=O)=O)cc2)o1,7.096910013008056
Cc1cc(=O)c(Oc2ccc(I)cc2)c(-c2ccc(S(C)(=O)=O)cc2)o1,6.3872161432802645
Cc1cc(=O)c(Oc2ccc(N)cc2)c(-c2ccc(S(C)(=O)=O)cc2)o1,5.8297382846050425
Cc1cc(=O)c(Oc2ccc(OC(F)(F)F)cc2)c(-c2ccc(S(C)(=O)=O)cc2)o1,5.841637507904751
Cc1cc(=O)c(Oc2ccc([N+](=O)[O-])cc2)c(-c2ccc(S(C)(=O)=O)cc2)o1,5.399027104313252
Cc1cc(=O)c(Oc2ccccc2)c(-c2ccc(S(C)(=O)=O)cc2)o1,6.0
Cc1cc(=O)c(Oc2ccccc2C)c(-c2ccc(S(C)(=O)=O)cc2)o1,6.769551078621726
Cc1cc(C)cc(-c2ccc(C(C)C(=O)O)cc2F)c1,4.721246399047171
Cc1cc(C)n2nc(-c3ccc(S(C)(=O)=O)cc3)c(-c3ccc(F)cc3)c2n1,6.812479279163537
Cc1cc(Cl)cc(-c2nc(C(F)(F)F)cn2-c2ccc(S(C)(=O)=O)cc2)c1,7.098462725229332
Cc1cc(Cl)cc(-c2nc(C(F)(F)F)cn2-c2ccc(S(N)(=O)=O)cc2)c1,7.398973915543969
Cc1cc(F)cc(-c2nc(C(F)(F)F)cn2-c2ccc(S(C)(=O)=O)cc2)c1,6.959299339414116
Cc1cc(F)cc(-c2nc(C(F)(F)F)cn2-c2ccc(S(N)(=O)=O)cc2)c1,7.521435901161594
Cc1cc(F)ccc1C1=C(c2ccc(S(C)(=O)=O)cc2)CCC1,7.122462949120765
Cc1cc2c(cc1F)-c1c(c(C(F)(F)F)nn1-c1ccc(S(N)(=O)=O)cc1)SC2,7.795880017344075
Cc1cc2cc(-c3ccc(C(C)C(=O)O)cc3)ccc2[nH]1,6.638272163982407
Cc1ccc(-c2c(-c3ccc(S(C)(=O)=O)cc3)cnn(Cc3ccccc3)c2=O)cc1,7.0774509799928715
Cc1ccc(-c2c(-c3ccc(S(C)(=O)=O)cc3)cnn(Cc3ccccc3)c2=O)cn1,5.939713034397075
Cc1ccc(-c2c(-c3ccc(S(C)(=O)=O)cc3)oc(C)cc2=O)cc1,5.661543506395395
Cc1ccc(-c2c(C#N)cnn2-c2ccc(S(N)(=O)=O)cc2)cc1,7.119186407719209
Cc1ccc(-c2c(Cl)ncn2-c2ccc(S(C)(=O)=O)cc2)cc1,7.795880017344075
Cc1ccc(-c2c(Cl)ncn2-c2ccc(S(C)(=O)=O)cc2)cc1F,8.221848749616356
Cc1ccc(-c2c(Cl)ncn2-c2ccc(S(N)(=O)=O)cc2)cc1,8.522878745280337
Cc1ccc(-c2cc(C(F)(F)F)nn2-c2ccc(S(N)(=O)=O)c(CO)c2)cc1,6.119186407719209
Cc1ccc(-c2cc(C(F)(F)F)nn2-c2ccc(S(N)(=O)=O)cc2)c(C)c1,6.920818753952375
Cc1ccc(-c2cc(C(F)(F)F)nn2-c2ccc(S(N)(=O)=O)cc2)cc1,7.102372908709558
Cc1ccc(-c2cc(C(F)(F)F)nn2-c2ccc(S(N)(=O)=O)cc2)s1,5.480000159330324
Cc1ccc(-c2cc(C(F)F)nn2-c2ccc(S(N)(=O)=O)cc2)cc1,7.888070392334685
Cc1ccc(-c2cc(C(F)F)nn2-c2ccc(S(N)(=O)=O)cc2)o1,5.482804102050026
Cc1ccc(-c2cc(F)c(F)cc2-c2ccc(S(C)(=O)=O)cc2)cc1,8.152465023828446
Cc1ccc(-c2cc(F)c(F)cc2-c2ccc(S(C)(=O)=O)cc2)cc1C,7.639123537396505
Cc1ccc(-c2cc(F)c(F)cc2-c2ccc(S(C)(=O)=O)cc2)cc1Cl,7.888070392334685
Cc1ccc(-c2cc(F)c(F)cc2-c2ccc(S(C)(=O)=O)cc2)cn1,6.769551078621726
Cc1ccc(-c2cc(F)c(F)cc2-c2ccc(S(C)(=O)=O)cc2)nc1,4.281498311132726
Cc1ccc(-c2cc(F)c(F)cc2-c2ccc(S(N)(=O)=O)cc2)cc1,8.39897391554397
Cc1ccc(-c2cc(F)c(F)cc2-c2ccc(S(N)(=O)=O)cc2)cc1C,8.300509466670935
Cc1ccc(-c2cc(F)c(F)cc2-c2ccc(S(N)(=O)=O)cc2)cc1Cl,8.521435901161594
Cc1ccc(-c2cc(F)c(F)cc2-c2ccc(S(N)(=O)=O)cc2)cn1,7.292429823902063
Cc1ccc(-c2cc(F)c(F)cc2-c2ccc(S(N)(=O)=O)cc2)nc1,6.481486060122113
Cc1ccc(-c2ccc(S(C)(=O)=O)cc2)n1-c1ccc(C(F)(F)F)cc1,7.098462725229332
Cc1ccc(-c2ccc(S(C)(=O)=O)cc2)n1-c1ccc(F)c(F)c1,6.601028822700004
Cc1ccc(-c2ccc(S(C)(=O)=O)cc2)n1-c1ccc(F)cc1,7.220909811139508
Cc1ccc(-c2ccc(S(C)(=O)=O)cc2)n1-c1ccccc1,7.220909811139508
Cc1ccc(-c2ccc(S(C)(=O)=O)cc2)n1C1CCC(F)CC1,6.279997898282849
Cc1ccc(-c2ccc(S(C)(=O)=O)cc2)n1C1CCCCC1,6.2839966563652006
Cc1ccc(-c2cscc2-c2ccc(S(C)(=O)=O)cc2)cc1,5.3979400086720375
Cc1ccc(-c2nc(C(F)(F)F)cn2-c2ccc(S(C)(=O)=O)cc2)cc1,6.795880017344075
Cc1ccc(-c2nc(C(F)(F)F)cn2-c2ccc(S(C)(=O)=O)cc2)cc1C,6.480743765501632
Cc1ccc(-c2nc(C(F)(F)F)cn2-c2ccc(S(C)(=O)=O)cc2)cc1Cl,7.521435901161594
Cc1ccc(-c2nc(C(F)(F)F)cn2-c2ccc(S(C)(=O)=O)cc2)cc1F,6.959299339414116
Cc1ccc(-c2nc(C(F)(F)F)cn2-c2ccc(S(C)(=O)=O)cc2)cn1,5.742363849907403
Cc1ccc(-c2nc(C(F)(F)F)cn2-c2ccc(S(C)(=O)=O)cc2)nc1,5.888028248280025
Cc1ccc(-c2nc(C(F)(F)F)cn2-c2ccc(S(N)(=O)=O)cc2)cc1,7.398973915543969
Cc1ccc(-c2nc(C(F)(F)F)cn2-c2ccc(S(N)(=O)=O)cc2)cc1Cl,8.521435901161594
Cc1ccc(-c2nc(C(F)(F)F)cn2-c2ccc(S(N)(=O)=O)cc2)cn1,6.538803373026826
Cc1ccc(-c2nc(C(F)(F)F)cn2-c2ccc(S(N)(=O)=O)cc2)nc1,6.138337358989223
Cc1ccc(-c2ncc(Cl)cc2-c2ccc(S(C)(=O)=O)cc2)c[n+]1[O-],4.7447274948966935
Cc1ccc(-c2ncc(Cl)cc2-c2ccc(S(C)(=O)=O)cc2)cn1,6.025061147981562
Cc1ccc(-c2ncc(Cl)cc2-c2ccc(S(N)(=O)=O)cc2)cn1,6.6290304611354
Cc1ccc(-c2sccc2-c2ccc(S(C)(=O)=O)cc2)cc1,4.886056647693163
Cc1ccc(-n2c(-c3ccc(S(C)(=O)=O)cc3)coc2=O)cc1,6.318880942313708
Cc1ccc(-n2c(-c3ccc(S(N)(=O)=O)cc3)c(C)oc2=O)cc1,5.769776006336217
Cc1ccc(-n2c(-c3ccc(S(N)(=O)=O)cc3)coc2=O)cc1,6.1021860775571986
Cc1ccc(-n2c(C)ccc2-c2ccc(S(C)(=O)=O)cc2)cc1,7.398973915543969
Cc1ccc(-n2nc(-c3ccc(Cl)cc3)c3c2CCCCC3)cc1,6.1938200260161125
Cc1ccc(/C=C/S(N)(=O)=O)cc1C(=O)c1ccccc1,4.721246399047171
Cc1ccc(C2=C(c3ccc(S(C)(=O)=O)cc3)CC3(CC3)C2)cc1,8.821891432890133
Cc1ccc(C2=C(c3ccc(S(C)(=O)=O)cc3)CCC2)cc1,8.522878745280337
Cc1ccc(Cl)c(Nc2ccccc2C(=O)NCC(=O)O)c1Cl,6.522878745280337
Cc1ccc(Cl)c(Nc2ccccc2C(=O)NCCBr)c1Cl,5.698970004336019
Cc1ccc(Cl)c(Nc2ccccc2C(=O)NCCCCl)c1Cl,5.619788758288394
Cc1ccc(Cl)c(Nc2ccccc2C(=O)NCCO)c1Cl,6.0
Cc1ccc(Cl)c(Nc2ccccc2C(=O)NCCOc2ccccc2)c1Cl,4.180456064458132
Cc1ccc(Cl)c(Nc2ccccc2C(=O)NCCc2ccccc2)c1Cl,5.3979400086720375
Cc1ccc(Cl)c(Nc2ccccc2C(=O)NNCc2ccccc2)c1Cl,5.200659450546418
Cc1ccc(Cl)c(Nc2ccccc2C(=O)NOC(C)(C)C)c1Cl,4.180456064458132
Cc1ccc(Cl)c(Nc2ccccc2C(=O)NOCc2ccc([N+](=O)[O-])cc2)c1Cl,4.180456064458132
Cc1ccc(Cl)c(Nc2ccccc2C(=O)NOCc2ccccc2)c1Cl,4.180456064458132
Cc1ccc(Cl)c(Nc2ccccc2C(=O)N[C@@H](C)C(=O)O)c1Cl,4.481486060122113
Cc1ccc(Cl)c(Nc2ccccc2C(=O)O)c1Cl,7.3979400086720375
Cc1ccc(N2CC(c3ccc(S(C)(=O)=O)cc3)=C(c3ccc(F)cc3)C2=O)cc1,5.978810700930062
Cc1ccc(N2CC(c3ccc(S(C)(=O)=O)cc3)=C(c3ccccc3)C2=O)cc1,6.0
Cc1ccc(NNC(=O)c2ccc(Cl)cc2)cc1,8.0
Cc1ccc(NNC(=O)c2ccccc2)cc1,6.481486060122113
Cc1ccc(OC2=C(c3ccc(S(C)(=O)=O)cc3)C(C)(C)OC2=O)cc1,7.548455006504028
Cc1ccc(OC2=C(c3ccc(S(C)(=O)=O)cc3)C(C)(C)OC2=O)nc1,6.622062572163754
Cc1ccc(Oc2c(-c3ccc(S(C)(=O)=O)cc3)oc(C)cc2=O)c(Cl)c1,6.619788758288394
Cc1ccc(Oc2c(-c3ccc(S(C)(=O)=O)cc3)oc(C)cc2=O)c(F)c1,7.221848749616356
Cc1ccc(Oc2c(-c3ccc(S(C)(=O)=O)cc3)oc(C)cc2=O)cc1,6.6777807052660805
Cc1ccc(Sc2cc3c(cc2NS(C)(=O)=O)CCC3=O)cc1,7.301029995663981
Cc1ccc(Sc2cc3c(cc2NS(C)(=O)=O)CCC3=O)nc1,6.096910013008056
Cc1ccc2c(c1)C1=C(c3ccc(S(C)(=O)=O)cc3)C(=O)OC1CC2,6.1771783546968955
Cc1ccc2c(c1)CSc1c(C(F)(F)F)nn(-c3ccc(S(N)(=O)=O)cc3)c1-2,7.657577319177793
Cc1cccc(-c2c(-c3ccc(S(C)(=O)=O)cc3)sc3nc(C(F)(F)F)nn23)c1,8.522878745280337
Cc1cccc(-c2cc(C(F)(F)F)nn2-c2ccc(S(N)(=O)=O)c(CO)c2)c1,6.137868620686962
Cc1cccc(-c2cc(C(F)(F)F)nn2-c2ccc(S(N)(=O)=O)cc2)c1,6.958607314841775
Cc1cccc(-c2nc(C(F)(F)F)cn2-c2ccc(S(C)(=O)=O)cc2)c1,7.219970872662661
Cc1cccc(-c2nc(C(F)(F)F)cn2-c2ccc(S(C)(=O)=O)cc2)n1,5.538801114225388
Cc1cccc(-c2nc(C(F)(F)F)cn2-c2ccc(S(N)(=O)=O)cc2)c1,7.521435901161594
Cc1cccc(-c2nc(C(F)(F)F)cn2-c2ccc(S(N)(=O)=O)cc2)n1,6.378375033651016
Cc1cccc(-n2c(-c3ccc(S(N)(=O)=O)cc3)c(C)oc2=O)c1,6.031757681129243
Cc1cccc(-n2c(-c3ccc(S(N)(=O)=O)cc3)coc2=O)c1,6.292217038739567
Cc1cccc(OC2=C(c3ccc(S(C)(=O)=O)cc3)C(C)(C)OC2=O)c1,7.1259059864969
Cc1cccc(Oc2c(-c3ccc(S(C)(=O)=O)cc3)oc(C)cc2=O)c1,5.8696662315049934
Cc1ccccc1-c1cc(C(F)(F)F)nn1-c1ccc(S(N)(=O)=O)cc1,7.161150909262744
Cc1ccccc1-c1nc(C(F)(F)F)cn1-c1ccc(S(C)(=O)=O)cc1,6.099641460858807
Cc1ccccc1-c1nc(C(F)(F)F)cn1-c1ccc(S(N)(=O)=O)cc1,6.699480900891103
Cc1ccccc1-n1c(-c2ccc(S(N)(=O)=O)cc2)coc1=O,5.013114125538204
Cc1ccccc1Cn1ncc(-c2ccc(S(C)(=O)=O)cc2)c(-c2ccccc2)c1=O,6.455931955649724
Cc1ccccc1OC1=C(c2ccc(S(C)(=O)=O)cc2)C(C)(C)OC1=O,7.349485002168009
Cc1ccccc1Sc1cc2c(cc1NS(C)(=O)=O)CCC2=O,7.0
Cc1cccnc1-c1nc(C(F)(F)F)cn1-c1ccc(S(C)(=O)=O)cc1,5.238285979572167
Cc1cccnc1-c1nc(C(F)(F)F)cn1-c1ccc(S(N)(=O)=O)cc1,5.80624007698337
Cc1ccn2nc(-c3ccc(S(C)(=O)=O)cc3)c(-c3ccc(F)cc3)c2n1,6.297569463554475
Cc1ccnc(-c2nc(C(F)(F)F)cn2-c2ccc(S(C)(=O)=O)cc2)c1,6.277861014341029
Cc1ccnc(-c2nc(C(F)(F)F)cn2-c2ccc(S(N)(=O)=O)cc2)c1,6.358271588491375
Cc1ccnc2c(-c3ccc(F)cc3)c(-c3ccc(S(C)(=O)=O)cc3)nn12,7.920818753952375
Cc1ccncc1-c1c(Cl)ncn1-c1ccc(S(C)(=O)=O)cc1,6.546681659952962
Cc1ccncc1-c1cc(F)c(F)cc1-c1ccc(S(C)(=O)=O)cc1,6.770011163455189
Cc1ccncc1-c1nc(C(F)(F)F)cn1-c1ccc(S(C)(=O)=O)cc1,4.267606240177032
Cc1ccncc1-c1nc(C(F)(F)F)cn1-c1ccc(S(N)(=O)=O)cc1,4.292429823902063
Cc1ccncc1-c1ncc(Cl)cc1-c1ccc(S(C)(=O)=O)cc1,5.82477907173247
Cc1ccncc1C1=C(c2ccc(S(C)(=O)=O)cc2)CCC1=O,6.351667404869234
Cc1ccsc1-c1nc(C(F)(F)F)cn1-c1ccc(S(C)(=O)=O)cc1,5.959303300184228
Cc1cn(-c2ccc(S(C)(=O)=O)cc2)c(-c2ccc(Cl)cc2)n1,6.619897359061326
Cc1cn(-c2ccc(S(C)(=O)=O)cc2)c(-c2cccnc2)n1,4.102372908709558
Cc1cn2c(-c3ccc(S(C)(=O)=O)cc3)c(-c3ccccc3)nc2s1,6.33889035263304
Cc1cn2c(-c3ccccc3)c(-c3ccc(S(C)(=O)=O)cc3)nc2s1,6.853871964321762
Cc1cn2nc(-c3ccc(S(C)(=O)=O)cc3)c(-c3ccc(F)cc3)c2nc1C,5.671009144550571
Cc1cnc(-c2cccnc2)c(-c2ccc(S(C)(=O)=O)cc2)c1,6.066856330457902
Cc1cnc(NC(=O)C2=C(O)c3ccccc3S(=O)(=O)N2C)s1,6.309803919971486
Cc1cnc(NC(=O)C2=C(O)c3sccc3S(=O)(=O)N2C)s1,6.292429823902063
Cc1cnc(Sc2cc3c(cc2NS(C)(=O)=O)CCC3=O)s1,5.94219474416285
Cc1cnc2c(-c3ccc(F)cc3)c(-c3ccc(S(C)(=O)=O)cc3)nn2c1,6.573488738635425
Cc1cnc2c(-c3ccc(F)cc3)c(-c3ccc(S(C)(=O)=O)cc3)nn2c1C,7.920818753952375
Cc1cncc(-c2nc(C(F)(F)F)cn2-c2ccc(S(C)(=O)=O)cc2)c1,5.742363849907403
Cc1cncc(-c2nc(C(F)(F)F)cn2-c2ccc(S(N)(=O)=O)cc2)c1,6.291215497938437
Cc1cncc(-c2ncc(Cl)cc2-c2ccc(S(C)(=O)=O)cc2)c1,6.240348575382286
Cc1cnn(-c2ccc(S(N)(=O)=O)cc2)c1-c1ccccc1,4.326979092871104
Cc1csc(-c2nc(C(F)(F)F)cn2-c2ccc(S(N)(=O)=O)cc2)n1,6.959299339414116
Cc1csc(Sc2cc3c(cc2NS(C)(=O)=O)CCC3=O)n1,6.971547574331764
Cc1csc(Sc2cc3c(cc2NS(C)(=O)=O)COC3=O)n1,6.2638412268415795
Cc1csc2nc(-c3ccc(S(C)(=O)=O)cc3)c(-c3ccccc3)n12,6.0
Cc1csc2nc(-c3ccccc3)c(-c3ccc(S(C)(=O)=O)cc3)n12,5.522878745280337
Cc1nc(-c2ccc(C)s2)c(-c2ccc(S(C)(=O)=O)cc2)o1,7.3979400086720375
Cc1nc(-c2ccc(C)s2)c(-c2ccc(S(N)(=O)=O)c(F)c2)o1,7.585026652029182
Cc1nc(-c2ccc(C)s2)c(-c2ccc(S(N)(=O)=O)cc2)o1,7.920818753952375
Cc1nc(-c2ccc(Cl)cc2)c(-c2ccc(S(N)(=O)=O)cc2)s1,8.301029995663981
Cc1nc(-c2ccc(Cl)s2)c(-c2ccc(S(C)(=O)=O)cc2)o1,7.522878745280337
Cc1nc(-c2ccc(Cl)s2)c(-c2ccc(S(N)(=O)=O)cc2)o1,7.698970004336019
Cc1nc(-c2ccc(F)cc2)c(-c2ccc(S(C)(=O)=O)cc2)o1,7.154901959985743
Cc1nc(-c2ccc(F)cc2)c(-c2ccc(S(C)(=O)=O)cc2)s1,6.733622810503751
Cc1nc(-c2ccc(F)cc2)c(-c2ccc(S(N)(=O)=O)c(F)c2)o1,7.3979400086720375
Cc1nc(-c2ccc(F)cc2)c(-c2ccc(S(N)(=O)=O)cc2)o1,7.659379381312206
Cc1nc(-c2ccc(S(C)(=O)=O)cc2)c(-c2ccc(Cl)s2)o1,5.920818753952375
Cc1nc(-c2ccc(S(C)(=O)=O)cc2)c(-c2ccc(F)cc2)o1,5.6777807052660805
Cc1nc(-c2ccc(S(C)(=O)=O)cc2)c(-c2ccc(F)cc2)s1,6.714728530059051
Cc1nc(-c2ccc(S(N)(=O)=O)cc2)c(-c2ccc(Br)cc2)s1,7.619788758288394
Cc1nc(-c2ccc(S(N)(=O)=O)cc2)c(-c2ccc(Cl)cc2)s1,7.7447274948966935
Cc1nc(-c2ccc(S(N)(=O)=O)cc2)c(-c2ccccc2)s1,7.5376020021010435
Cc1nc(-c2ccccc2)c(-c2ccc(S(C)(=O)=O)cc2)o1,7.045757490560675
Cc1nc(-c2ccccc2)c(-c2ccc(S(N)(=O)=O)cc2)s1,7.42021640338319
Cc1nc(-c2nc(C(F)(F)F)cn2-c2ccc(S(=O)(=O)N(C)C)cc2)co1,5.380000399499541
Cc1nc(-c2nc(C(F)(F)F)cn2-c2ccc(S(C)(=O)=O)cc2)co1,5.3819519032879075
Cc1nc(-c2nc(C(F)(F)F)cn2-c2ccc(S(C)(=O)=O)cc2)cs1,6.02843707390098
Cc1nc(-c2nc(C(F)(F)F)cn2-c2ccc(S(N)(=O)=O)cc2)cs1,6.281997277324025
Cc1nc(C2CCCC2)c(-c2ccc(S(C)(=O)=O)cc2)o1,4.7447274948966935
Cc1nc(C2CCCCC2)c(-c2ccc(S(C)(=O)=O)cc2)o1,7.154901959985743
Cc1nc(C2CCCCC2)c(-c2ccc(S(N)(=O)=O)c(C)c2)o1,5.698970004336019
Cc1nc(C2CCCCC2)c(-c2ccc(S(N)(=O)=O)c(F)c2)o1,7.070581074285707
Cc1nc(C2CCCCC2)c(-c2ccc(S(N)(=O)=O)c(N)c2)o1,6.031517051446065
Cc1nc(C2CCCCC2)c(-c2ccc(S(N)(=O)=O)c(O)c2)o1,4.705533773838407
Cc1nc(C2CCCCC2)c(-c2ccc(S(N)(=O)=O)cc2)o1,7.154901959985743
Cc1nc(C2CCCCCC2)c(-c2ccc(S(C)(=O)=O)cc2)o1,6.552841968657781
Cc1nc(Sc2cc3c(cc2NS(C)(=O)=O)CCC3=O)sc1C,5.769551078621726
Cc1nc2c(-c3ccc(F)cc3)c(-c3ccc(S(C)(=O)=O)cc3)nn2c(C)c1C,6.716698771296451
Cc1nc2sc(-c3ccc(S(C)(=O)=O)cc3)c(-c3cccc(F)c3)n2n1,5.83889035263304
Cc1nc2sc(-c3ccc(S(C)(=O)=O)cc3)c(-c3ccccc3)n2n1,6.349485002168009
Cc1ncc(-c2ccc(S(C)(=O)=O)cc2)n1-c1ccc(F)cc1,7.292429823902063
Cc1ncc(-c2nc(C(F)(F)F)cn2-c2ccc(S(N)(=O)=O)cc2)s1,6.3682655272597515
Cc1ncccc1-c1nc(C(F)(F)F)cn1-c1ccc(S(C)(=O)=O)cc1,5.018864289349345
Cc1ncccc1-c1nc(C(F)(F)F)cn1-c1ccc(S(N)(=O)=O)cc1,5.5514212101734035
Cc1ncccc1-c1ncc(Cl)cc1-c1ccc(S(C)(=O)=O)cc1,5.730587505531048
Cc1ncn(-c2ccc(S(C)(=O)=O)cc2)c1-c1ccc(F)cc1,6.841637507904751
Cc1nn(-c2ccc(S(N)(=O)=O)cc2)c(-c2ccccc2)c1Cl,7.552841968657781
Cc1nn(-c2ccc(S(N)(=O)=O)cc2)c2c1c(O)nc1ccc([N+](=O)[O-])cc12,6.619788758288394
Cc1nn(-c2ccccc2)c2c1c(O)nc1ccc([N+](=O)[O-])cc12,6.259637310505756
Cc1oc(=O)n(-c2ccc(Cl)c(Cl)c2)c1-c1ccc(S(N)(=O)=O)cc1,6.638140027612296
Cc1oc(=O)n(-c2ccc(F)cc2)c1-c1ccc(S(N)(=O)=O)cc1,6.292217038739567
Cc1oc(=O)n(-c2ccccc2)c1-c1ccc(S(N)(=O)=O)cc1,5.7448638579163855
Cc1onc(-c2ccccc2)c1-c1ccc(S(N)(=O)=O)cc1,8.301029995663981
Cc1sc2nc(-c3ccccc3)c(-c3ccc(S(C)(=O)=O)cc3)n2c1C,5.301029995663981
Clc1ccc(-c2nn(-c3ccc(Cl)cc3)c3c2CCCCC3)cc1,5.0
Clc1ccc(-c2nn(-c3ccccc3)c3c2CCC3)cc1,5.586700235918748
Clc1ccc(-c2nn(-c3ccccc3)c3c2CCCC3)cc1,6.2076083105017466
Clc1ccc(-c2nn(-c3ccccc3)c3c2CCCCC3)cc1,6.853871964321762
Cn1c(Br)c(Br)c(-c2ccc(F)cc2)c1-c1ccc(S(C)(=O)=O)cc1,4.254378778693061
Cn1c(Br)cc(-c2ccc(F)cc2)c1-c1ccc(S(C)(=O)=O)cc1,4.449771646944906
Cn1c(Cl)c(Cl)c(-c2ccc(F)cc2)c1-c1ccc(S(C)(=O)=O)cc1,4.6020599913279625
Cn1cc(-c2nc(C(F)(F)F)cn2-c2ccc(S(C)(=O)=O)cc2)c2ccccc21,5.959303300184228
Cn1ccc(-c2ccc(F)cc2)c1-c1ccc(S(C)(=O)=O)cc1,4.698970004336019
Cn1ncc(-c2ccc(S(C)(=O)=O)cc2)c(-c2ccccc2)c1=O,5.600329725273209
FC(F)(F)c1cc(-c2ccc(Cl)cc2)n(-c2ccc(Cl)cc2)n1,5.319832285178109
Fc1ccc(-c2[nH]c(-c3ccc(F)cc3)c3c2C2CCC3C2)cc1,10.096910013008056
Fc1ccc(-c2[nH]c(-c3ccc(F)cc3)c3c2C2CCC3CC2)cc1,9.920818753952375
N#CCc1cc(-c2ccc(Cl)cc2)n(-c2ccc(S(N)(=O)=O)cc2)n1,6.920402953422224
N#Cc1cc(-c2ccc(F)cc2)n(-c2ccc(S(N)(=O)=O)cc2)n1,6.468521082957745
N#Cc1cc(/C=C/S(N)(=O)=O)cc(C(=O)c2ccccc2)c1,5.251811972993799
N#Cc1ccc(-c2cc(C(F)F)nn2-c2ccc(S(N)(=O)=O)cc2)cc1,4.527243550682788
N#Cc1nn(-c2ccc(S(N)(=O)=O)cc2)c(-c2ccc(Cl)cc2)c1Cl,8.0
N#Cc1nn(-c2ccc(S(N)(=O)=O)cc2)c2c1SCc1cc(F)ccc1-2,6.853871964321762
NC(=O)c1nn(-c2ccc(S(N)(=O)=O)cc2)c(-c2ccc(Cl)cc2)c1Cl,5.962573502059376
NS(=O)(=O)/C=C/c1cc(CO)cc(C(=O)c2ccccc2)c1,5.013228265733755
NS(=O)(=O)/C=C/c1ccc(C(=O)c2ccccc2)cc1CO,5.075720713938118
NS(=O)(=O)c1ccc(-c2c(-c3ccccc3)noc2CO)cc1,6.7447274948966935
NS(=O)(=O)c1ccc(-c2cc(C(F)(F)F)nn2-c2ccc(F)cc2)cc1,8.0
NS(=O)(=O)c1ccc(-c2cc(F)c(F)cc2-c2ccc(F)c(Cl)c2)cc1,8.699513552156626
NS(=O)(=O)c1ccc(-c2cc(F)c(F)cc2-c2ccc(F)cc2)cc1,8.39897391554397
NS(=O)(=O)c1ccc(-c2cc(F)c(F)cc2-c2ccc3c(c2)OCCO3)cc1,7.492420754369929
NS(=O)(=O)c1ccc(-c2cc(F)c(F)cc2-c2ccc3c(c2)OCO3)cc1,8.39897391554397
NS(=O)(=O)c1ccc(-c2cc3c(cc2Cc2ccccc2)OCO3)cc1,7.301029995663981
NS(=O)(=O)c1ccc(-c2ccccc2-c2ccc(Cl)cc2)cc1,8.22090981113951
NS(=O)(=O)c1ccc(-c2ccccc2-c2ccc(F)c(Cl)c2)cc1,7.769806696356897
NS(=O)(=O)c1ccc(-c2ccccc2-c2ccc(F)cc2)cc1,7.212333322299372
NS(=O)(=O)c1ccc(-c2ccsc2-c2ccc(F)cc2)cc1,7.522878745280337
NS(=O)(=O)c1ccc(-c2coc(=O)n2-c2ccc(C(=O)O)cc2)cc1,4.229147988357856
NS(=O)(=O)c1ccc(-c2coc(=O)n2-c2ccc(C(F)(F)F)cc2)cc1,5.698985205174921
NS(=O)(=O)c1ccc(-c2coc(=O)n2-c2ccc(Cl)c(Cl)c2)cc1,6.397972583201331
NS(=O)(=O)c1ccc(-c2coc(=O)n2-c2ccc(Cl)cc2)cc1,5.920909250824263
NS(=O)(=O)c1ccc(-c2coc(=O)n2-c2ccc(F)cc2)cc1,5.823955070631063
NS(=O)(=O)c1ccc(-c2coc(=O)n2-c2ccc(F)cc2F)cc1,5.638136253468664
NS(=O)(=O)c1ccc(-c2coc(=O)n2-c2cccc(Cl)c2)cc1,5.823955070631063
NS(=O)(=O)c1ccc(-c2coc(=O)n2-c2cccc3ccccc23)cc1,5.327951121220737
NS(=O)(=O)c1ccc(-c2coc(=O)n2-c2ccccc2)cc1,5.619894643379946
NS(=O)(=O)c1ccc(-c2coc(=O)n2-c2ccccc2Cl)cc1,5.18704321825132
NS(=O)(=O)c1ccc(-c2coc(=O)n2-c2ccccc2F)cc1,5.657788647020114
NS(=O)(=O)c1ccc(-c2coc(=O)n2C2CCCCC2)cc1,4.723769138064677
NS(=O)(=O)c1ccc(-c2cscc2-c2ccc(F)cc2)cc1,8.096910013008056
NS(=O)(=O)c1ccc(-c2oc3ccccc3c2-c2ccc(F)cc2)cc1,8.154901959985743
NS(=O)(=O)c1ccc(-c2sc(-c3ccccc3Cl)nc2-c2ccc(F)cc2)cc1,7.886056647693163
NS(=O)(=O)c1ccc(-c2sc(COc3cc(Cl)cc(Cl)c3)nc2-c2ccc(F)cc2)cc1,8.045757490560675
NS(=O)(=O)c1ccc(-c2sccc2-c2ccc(F)cc2)cc1,6.173925197299173
NS(=O)(=O)c1ccc(-n2cc(C(F)(F)F)nc2-c2ccc(Cl)cc2)cc1,8.0
NS(=O)(=O)c1ccc(-n2cc(C(F)(F)F)nc2-c2ccc(F)c(F)c2)cc1,7.521435901161594
NS(=O)(=O)c1ccc(-n2cc(C(F)(F)F)nc2-c2ccc(F)cc2)cc1,8.0
NS(=O)(=O)c1ccc(-n2cc(C(F)(F)F)nc2-c2cccc(Br)c2)cc1,8.152465023828446
NS(=O)(=O)c1ccc(-n2cc(C(F)(F)F)nc2-c2cccc(Cl)c2)cc1,8.098462725229332
NS(=O)(=O)c1ccc(-n2cc(C(F)(F)F)nc2-c2cccc(F)c2)cc1,7.521435901161594
NS(=O)(=O)c1ccc(-n2cc(C(F)(F)F)nc2-c2ccccc2)cc1,7.398973915543969
NS(=O)(=O)c1ccc(-n2cc(C(F)(F)F)nc2-c2ccccc2F)cc1,7.0
NS(=O)(=O)c1ccc(-n2cc(C(F)(F)F)nc2-c2cccnc2)cc1,6.358271588491375
NS(=O)(=O)c1ccc(-n2cc(C(F)(F)F)nc2-c2cccs2)cc1,7.152465023828446
NS(=O)(=O)c1ccc(-n2cc(C(F)(F)F)nc2-c2cncc(Br)c2)cc1,6.469263204944301
NS(=O)(=O)c1ccc(-n2cc(C(F)F)nc2-c2cccnc2)cc1,5.738774557593842
NS(=O)(=O)c1ccc(-n2cccc2-c2ccc(F)cc2)cc1,7.851864901236602
NS(=O)(=O)c1ccc(-n2cnc(Cl)c2-c2cc(Cl)cc(Cl)c2)cc1,8.698970004336019
NS(=O)(=O)c1ccc(-n2cnc(Cl)c2-c2ccc(Cl)nc2)cc1,7.376750709602099
NS(=O)(=O)c1ccc(-n2cnc(Cl)c2-c2ccc(F)cc2)cc1,7.7447274948966935
NS(=O)(=O)c1ccc(-n2cnc(Cl)c2-c2ccccc2)cc1,8.045757490560675
NS(=O)(=O)c1ccc(-n2nc(-c3ccc(Cl)s3)cc2-c2ccc(Cl)cc2)cc1,7.2839966563652006
NS(=O)(=O)c1ccc(-n2nc(C(=O)Nc3cccc(Cl)c3)cc2-c2ccc(F)cc2)cc1,7.251811972993799
NS(=O)(=O)c1ccc(-n2nc(C(=O)O)c(Cl)c2-c2ccc(Cl)cc2)cc1,4.154901959985743
NS(=O)(=O)c1ccc(-n2nc(C(F)(F)F)c(Cl)c2-c2ccc(Cl)cc2)cc1,8.275724130399212
NS(=O)(=O)c1ccc(-n2nc(C(F)(F)F)c(F)c2-c2ccccc2)cc1,8.769551078621726
NS(=O)(=O)c1ccc(-n2nc(C(F)(F)F)c(O)c2-c2ccccc2)cc1,5.446116973356125
NS(=O)(=O)c1ccc(-n2nc(C(F)(F)F)c3c2-c2cc(F)c(F)cc2CS3)cc1,8.221848749616356
NS(=O)(=O)c1ccc(-n2nc(C(F)(F)F)c3c2-c2cc(F)ccc2CS3)cc1,7.6777807052660805
NS(=O)(=O)c1ccc(-n2nc(C(F)(F)F)c3c2-c2ccc(F)cc2CS3)cc1,7.3979400086720375
NS(=O)(=O)c1ccc(-n2nc(C(F)(F)F)c3c2-c2ccccc2CC3)cc1,5.958607314841775
NS(=O)(=O)c1ccc(-n2nc(C(F)(F)F)c3c2-c2ccccc2CS3)cc1,7.698970004336019
NS(=O)(=O)c1ccc(-n2nc(C(F)(F)F)c3c2-c2ccccc2OC3)cc1,5.876148359032914
NS(=O)(=O)c1ccc(-n2nc(C(F)(F)F)c3c2-c2ccccc2SC3)cc1,6.337242168318426
NS(=O)(=O)c1ccc(-n2nc(C(F)(F)F)cc2-c2cc3ccccc3o2)cc1,6.050305225247582
NS(=O)(=O)c1ccc(-n2nc(C(F)(F)F)cc2-c2ccc(Br)cc2)cc1CO,6.22767829327708
NS(=O)(=O)c1ccc(-n2nc(C(F)(F)F)cc2-c2ccc(Br)s2)cc1,7.920457143142827
NS(=O)(=O)c1ccc(-n2nc(C(F)(F)F)cc2-c2ccc(C(=O)O)cc2)cc1,4.950781977329818
NS(=O)(=O)c1ccc(-n2nc(C(F)(F)F)cc2-c2ccc(C(F)(F)F)cc2)cc1,5.08460016478773
NS(=O)(=O)c1ccc(-n2nc(C(F)(F)F)cc2-c2ccc(CO)cc2)cc1,4.0301183562535
NS(=O)(=O)c1ccc(-n2nc(C(F)(F)F)cc2-c2ccc(Cl)c(Cl)c2)cc1,7.823908740944319
NS(=O)(=O)c1ccc(-n2nc(C(F)(F)F)cc2-c2ccc(Cl)cc2)cc1,8.0
NS(=O)(=O)c1ccc(-n2nc(C(F)(F)F)cc2-c2ccc(Cl)cc2)cc1CO,6.147520006363144
NS(=O)(=O)c1ccc(-n2nc(C(F)(F)F)cc2-c2ccc(Cl)cc2Cl)cc1,7.251811972993799
NS(=O)(=O)c1ccc(-n2nc(C(F)(F)F)cc2-c2ccc(Cl)s2)cc1,7.587546764348944
NS(=O)(=O)c1ccc(-n2nc(C(F)(F)F)cc2-c2ccc(F)cc2)cc1,7.3872161432802645
NS(=O)(=O)c1ccc(-n2nc(C(F)(F)F)cc2-c2ccc(F)cc2)cc1CO,5.701146923590294
NS(=O)(=O)c1ccc(-n2nc(C(F)(F)F)cc2-c2ccc([N+](=O)[O-])cc2)cc1,5.580044251510242
NS(=O)(=O)c1ccc(-n2nc(C(F)(F)F)cc2-c2ccc3c(c2)CCC3)cc1,7.509339913370447
NS(=O)(=O)c1ccc(-n2nc(C(F)(F)F)cc2-c2ccc3c(c2)CCCS3)cc1,6.639133015876654
NS(=O)(=O)c1ccc(-n2nc(C(F)(F)F)cc2-c2ccc3c(c2)CCO3)cc1,7.678921132642886
NS(=O)(=O)c1ccc(-n2nc(C(F)(F)F)cc2-c2ccc3c(c2)OCO3)cc1,7.619969752032169
NS(=O)(=O)c1ccc(-n2nc(C(F)(F)F)cc2-c2cccc(Cl)c2)cc1CO,5.709965388637482
NS(=O)(=O)c1ccc(-n2nc(C(F)(F)F)cc2-c2cccc(F)c2)cc1,5.111820506081675
NS(=O)(=O)c1ccc(-n2nc(C(F)(F)F)cc2-c2cccc(F)c2)cc1CO,5.151810883008602
NS(=O)(=O)c1ccc(-n2nc(C(F)(F)F)cc2-c2ccccc2)cc1,7.494850021680094
NS(=O)(=O)c1ccc(-n2nc(C(F)(F)F)cc2-c2ccccc2)cc1CO,5.462180904926726
NS(=O)(=O)c1ccc(-n2nc(C(F)(F)F)cc2-c2ccccc2Cl)cc1,7.251811972993799
NS(=O)(=O)c1ccc(-n2nc(C(F)(F)F)cc2-c2ccccc2Cl)cc1CO,5.200659450546418
NS(=O)(=O)c1ccc(-n2nc(C(F)(F)F)cc2-c2ccccc2F)cc1,7.236572006437063
NS(=O)(=O)c1ccc(-n2nc(C(F)(F)F)cc2-c2ccccc2F)cc1CO,5.481486060122113
NS(=O)(=O)c1ccc(-n2nc(C(F)(F)F)cc2-c2ccccn2)cc1,4.341035157335565
NS(=O)(=O)c1ccc(-n2nc(C(F)(F)F)cc2-c2cccnc2)cc1,4.346787486224656
NS(=O)(=O)c1ccc(-n2nc(C(F)(F)F)cc2-c2ccncc2)cc1,4.189095719331299
NS(=O)(=O)c1ccc(-n2nc(C(F)(F)F)cc2-c2csc3ccccc23)cc1,6.457964005399848
NS(=O)(=O)c1ccc(-n2nc(C(F)(F)F)cc2C2=CCCCC2)cc1,7.077850898954601
NS(=O)(=O)c1ccc(-n2nc(C(F)F)cc2-c2ccc(C(=O)O)cc2)cc1,4.329754146925876
NS(=O)(=O)c1ccc(-n2nc(C(F)F)cc2-c2ccc(Cl)cc2)cc1,8.0
NS(=O)(=O)c1ccc(-n2nc(C(F)F)cc2-c2ccc3c(c2)OCO3)cc1,7.619788758288394
NS(=O)(=O)c1ccc(-n2nc(C(F)F)cc2-c2ccccc2)cc1,6.888036676436635
NS(=O)(=O)c1ccc(-n2nc(CF)cc2-c2ccccc2)cc1,6.699480900891103
NS(=O)(=O)c1ccc(-n2nc(CO)c(Cl)c2-c2ccc(Cl)cc2)cc1,6.468521082957745
NS(=O)(=O)c1ccc(-n2nc(CO)cc2-c2ccc(Cl)cc2)cc1,6.080921907623926
NS(=O)(=O)c1ccc(-n2nc(COCc3ccccc3)cc2-c2ccc(Cl)cc2)cc1,7.5376020021010435
NS(=O)(=O)c1ccc(-n2ncc(Br)c2-c2ccc(Cl)cc2)cc1,7.508638306165727
NS(=O)(=O)c1ccc(-n2ncc(Cl)c2-c2ccccc2)cc1,7.309803919971486
NS(=O)(=O)c1ccc(-n2ncc(F)c2-c2ccccc2)cc1,5.33161408331
NS(=O)(=O)c1ccc(-n2ncc([N+](=O)[O-])c2-c2ccccc2)cc1,6.538803373026826
NS(=O)(=O)c1ccc(C2=C(c3cc(F)c(F)c(F)c3)CCC2)cc1,5.5376020021010435
NS(=O)(=O)c1ccc(C2=C(c3ccc(C(F)(F)F)c(F)c3)CCC2)cc1,6.7697811210384575
NS(=O)(=O)c1ccc(C2=C(c3ccc(C(F)(F)F)cc3)CC3(CC3)C2)cc1,9.0
NS(=O)(=O)c1ccc(C2=C(c3ccc(C(F)(F)F)cc3)CCC2)cc1,6.821948810943301
NS(=O)(=O)c1ccc(C2=C(c3ccc(Cl)c(Cl)c3)CC3(CC3)C2)cc1,9.0
NS(=O)(=O)c1ccc(C2=C(c3ccc(Cl)c(Cl)c3)CCC2)cc1,8.699513552156626
NS(=O)(=O)c1ccc(C2=C(c3ccc(Cl)cc3)CC3(CC3)C2)cc1,9.0
NS(=O)(=O)c1ccc(C2=C(c3ccc(Cl)cc3)CCC2)cc1,8.521435901161594
NS(=O)(=O)c1ccc(C2=C(c3ccc(F)c(Cl)c3)CC3(CC3)C2)cc1,8.821891432890133
NS(=O)(=O)c1ccc(C2=C(c3ccc(F)c(Cl)c3)CCC2)cc1,8.0
NS(=O)(=O)c1ccc(C2=C(c3ccc(F)c(F)c3)CC3(CC3)C2)cc1,8.521435901161594
NS(=O)(=O)c1ccc(C2=C(c3ccc(F)c(F)c3)CCC2)cc1,7.742328053455809
NS(=O)(=O)c1ccc(C2=C(c3ccc(F)cc3)C(=O)OC2)cc1,6.096910013008056
NS(=O)(=O)c1ccc(C2=C(c3ccc(F)cc3)CC3(CC3)C2)cc1,8.522878745280337
NS(=O)(=O)c1ccc(C2=C(c3ccc(F)cc3)CC3(CCC3)C2)cc1,8.698970004336019
NS(=O)(=O)c1ccc(C2=C(c3ccc(F)cc3)CCC2)cc1,8.152465023828446
NS(=O)(=O)c1ccc(C2=C(c3ccc(F)cc3)c3ccccc3C2)cc1,8.301029995663981
NS(=O)(=O)c1ccc(C2=C(c3ccc(OC(F)(F)F)cc3)CC3(CC3)C2)cc1,6.888036676436635
NS(=O)(=O)c1ccc(C2=C(c3ccc4c(c3)OCO4)CCC2)cc1,8.699513552156626
Nc1ccc(-c2cc(C(F)(F)F)nn2-c2ccc(S(N)(=O)=O)cc2)cc1,6.468521082957745
Nc1cnn(-c2ccc(S(N)(=O)=O)cc2)c1-c1ccccc1,4.527243550682788
O=C(NNc1ccc(Cl)cc1)c1ccc(Cl)cc1,6.468521082957745
O=C(NNc1ccc(Cl)cc1)c1ccccc1,6.275724130399211
O=C(NNc1ccccc1)c1ccc(Cl)cc1,6.481486060122113
O=C(NNc1ccccc1)c1ccccc1,5.0
O=C(O)Cc1ccccc1Nc1c(Cl)cccc1Cl,7.301029995663981
O=C1CCc2cc(NS(=O)(=O)C(F)(F)F)c(Sc3ccc(F)cc3F)cc21,7.3979400086720375
O=S(=O)(Nc1ccncc1Oc1ccccc1)C(F)(F)F,6.3979400086720375
O=c1c2ccccc2c(S(=O)(=O)c2ccccc2)c(O)n1Cc1ccccc1,6.853871964321762
c1ccc(-c2nn(-c3ccccc3)c3c2CCC3)cc1,5.207608310501746
c1ccc(-c2nn(-c3ccccc3)c3c2CCCC3)cc1,6.2441251443275085
c1ccc(-c2nn(-c3ccccc3)c3c2CCCCC3)cc1,6.769551078621726
